ctlabel,EP_POV,EP_UNEMP,EP_NOHSDP,EP_AGE65,EP_DISABL,EP_SNGPNT,EP_MINRTY,EP_LIMENG,EP_MUNIT,EP_MOBILE,EP_CROWD,EP_NOVEH,EP_GROUPQ,EP_UNINSUR,ARTHRITIS_CrudePrev,BPHIGH_CrudePrev,CANCER_CrudePrev,CASTHMA_CrudePrev,CHD_CrudePrev,COPD_CrudePrev,CSMOKING_CrudePrev,DIABETES_CrudePrev,OBESITY_CrudePrev,STROKE_CrudePrev,occupation_PERC_Management,occupation_PERC_Service,occupation_PERC_Sales,occupation_PERC_Natural,occupation_PERC_Production,PERC_MALE,landusejoin_sum1,landusejoin_sum23,landusejoin_sum4,landusejoin_sum5,landusejoin_sum6,landusejoin_sum7,landusejoin_sum8,landusejoin_sum9,landusejoin_sum10,landusejoin_sum11,maypercpos_Predicted,maypercpos_StdError,maycaserate_Predicted,maycaserate_StdError,maydeathrate_Predicted,maydeathrate_StdError,augpercpos_Predicted,augpercpos_StdError,augcaserate_Predicted,augcaserate_StdError,augdeathrate_Predicted,augdeathrate_StdError,wt_aug6_CASE_RATE,wt_aug6_DEATH_RATE,wt_aug6_POSITIVE,wt_may18_CASE_RATE,wt_may18_DEATH_RATE,wt_may18_POSITIVE
2.01,34.4,4.1,51.8,18.4,17.2,16.6,95.5,36.2,93.7,0,16.2,90.5,0.6,4.7,21.3,33.5,5.2,9.5,8.5,8,22.6,17.9,20.5,4.8,24.7887,33.8028,33.0516,1.6901,6.6667,42.963,0,21.39921981,6.15151959,0,0,17.35420271,19.73368538,1.974639745,0.910730642,0.885116131,33.24242982,0.312747393,1284.339958,23.13924964,173.2641291,3.739769673,9.617419029,0.144033364,1617.936097,25.57288375,198.6122652,3.614729529,1637.67,208.45,9.6,1270.27,179.79,33.8
2.02,27.9,13.8,28.9,19.6,18.8,13.3,81.4,17.1,95.2,0,5.8,79,4.4,1.6,23.7,34,7,9.2,8.2,7.5,16.8,15.3,20.3,4.4,35.3539,35.1168,21.6729,2.3366,5.5198,43.3282,0.11924705,33.9999343,1.111072631,1.047948163,0,7.867035431,4.385774762,32.17142541,0,0,34.18129249,0.440222065,1354.865309,33.78011478,174.8291673,5.128219727,10.03069884,0.210268857,1723.278115,37.24191919,202.1766965,5.067067338,1637.668229,208.4497161,9.599977283,1270.268804,179.7897025,33.79994056
6,39.5,8.3,55.4,27.9,21.8,4.7,95.3,49.8,91.6,0,9.2,87,1.8,7.9,22.6,35.7,5.7,9,9.8,8.5,21.8,19.6,16.7,5.7,29.6464,36.9445,20.1103,1.1028,12.1959,47.1483,0,8.63147545,43.99499924,1.093754872,0.293835058,19.0131503,9.820539116,0.678296965,1.473142949,0.569585491,31.80272716,0.351896323,1211.535702,26.58780691,161.7848611,4.148987021,8.942192587,0.165499371,1521.848347,29.34158915,185.4746183,4.057922832,1637.654109,208.4466058,9.599897069,1270.261104,179.7872329,33.79970871
7,9.5,3.1,1.8,2.4,1.3,3.1,30.6,0,99.6,0,12.3,85.5,0.2,3.1,6.4,9.7,2.4,7.9,1.1,1.6,9.6,2.2,11.6,0.7,71.494,3.3988,23.7772,1.33,0,42.8198,0,6.05817855,13.27578902,35.37745715,0,14.90994759,1.586962606,0.209749598,0,0,17.23055994,0.030765454,661.4429519,2.320282728,16.20200033,0.363518161,5.223737937,0.014442911,916.9189141,2.560820025,32.90092188,0.354876797,1061.567938,44.19986979,5.652294239,765.0073679,32.20672897,19.28789254
8,26.5,5.4,55.7,28.1,10.4,6.2,91.8,52.5,90.9,0,16.7,84,0.2,7.8,19.2,31.4,5.1,7.8,7.8,6.8,20.1,16.6,11.8,4.4,28.348,31.3745,21.6141,3.7579,14.9054,47.6148,0,2.019307834,30.74759788,6.72868111,3.36985339,5.102956036,2.7064492,17.36563145,2.800164135,3.842564585,36.72978101,0.232579327,1441.562624,17.19297542,179.8718728,2.785709787,9.822513241,0.107019982,1652.55985,19.00147236,208.4420319,2.688678628,1579.728836,196.0737602,9.224686159,1237.831944,169.7005915,32.73787702
9,3.9,2.6,0.9,3,3.9,4.4,35.2,0.6,92.9,0,5.3,80.8,0.2,3.2,7.9,11.4,3.2,7.5,1.5,1.8,9,2.6,12.1,0.8,75.215,3.5966,20.2502,0.1564,0.7819,54.766,0,0.122603199,6.773733568,42.73811942,0,35.54411275,4.020089248,4.253164075,0.493353592,1.526870042,20.21315849,0.118419373,775.235761,8.954940214,24.75869407,1.396161468,5.513559442,0.055741227,1021.03624,9.881621599,34.4254509,1.365506485,1065.084326,27.18475328,5.64738733,788.3887579,26.49410277,21.45608733
10.01,4.8,7.9,3.4,27.6,13.7,2.2,30.2,1.9,99.4,0,2.6,57.8,0,0,21.9,27.7,9.1,7.9,6.1,4.7,9.8,8.2,15.1,2.8,69.3277,13.0252,9.944,4.6218,3.0812,58.9003,0,35.38126814,0,0,0,6.010913598,0,24.10383041,0,0,33.16816934,0.609198793,1391.883815,46.57654491,159.0653561,7.112312941,9.869267224,0.289921953,1742.546789,51.36306326,182.0180667,7.014663736,1637.67,208.45,9.6,1270.27,179.79,33.8
10.02,36.3,9.8,36.5,23.8,25.8,19.8,97.9,23.9,95.5,0,1.6,86,7.3,7.1,22.5,34.3,5.8,9.9,8.4,7.6,19.1,17.7,24.7,4.7,30.4402,39.9256,14.7551,3.5338,11.3453,43.857,0,55.45056427,0,0,0,0,1.318290559,52.99635247,0,0.004837369,33.70140215,0.339541412,1384.90984,23.82369563,178.170224,4.188593951,9.870571214,0.14829379,1749.44409,26.4337,205.0857301,3.945170346,1637.660798,208.4468483,9.599906143,1270.264738,179.7874873,33.79972466
12,20.2,4.1,20.8,23,18.4,4.5,47.8,16.6,99.6,0,2.6,71.1,1.4,2.3,21.8,29.8,7.6,8.5,7.3,6.2,14.1,11.4,17.4,3.6,58.1736,16.2909,16.46,0.9583,8.1172,52.6683,0.207069465,29.51696027,3.48364255,2.280934416,0,11.4494176,6.152048412,5.761958633,4.777463678,0.217584034,34.33470244,0.180668534,1311.727926,13.38251615,185.6816221,2.15921892,9.857727353,0.083301267,1685.264006,14.78873429,214.5025438,2.087941683,1637.67,208.45,9.6,1270.27,179.79,33.8
13,3.8,2.3,0.4,1.4,1.6,2.6,38.6,1.8,96.5,0,9.6,82.7,0,3.3,6,9.2,2.4,7.4,1,1.3,7.6,2,10.8,0.6,81.4202,3.3679,13.7805,0.5333,0.8981,43.9534,0,3.778892327,6.108219077,38.16842128,0,0.13993529,5.88100882,2.052817095,7.393740184,0.333770381,17.14107334,0.00930236,675.8516258,0.70002284,0.336774316,0.110112331,5.335052131,0.004357386,1108.599804,0.772699041,0.675857285,0.107331015,1072.695238,7.065068306,5.235694831,678.3258696,7.064531078,17.52735432
14.01,7.2,1.8,5,20,12.5,1.1,31.4,2.3,97.8,0.5,2.9,62.6,0,0.6,20.3,25.8,8.4,7.8,5.4,4.3,9.7,7.6,14.5,2.5,77.0668,6.795,13.137,1.3024,1.6988,40.6191,0,49.98240271,0,1.820416919,0,0,1.144005608,20.00535503,0,0.562120415,33.88519444,0.16883351,1247.768572,12.88980089,178.698743,1.975264318,9.544719945,0.080234295,1611.639057,14.21513756,206.8791878,1.944564407,1637.67,208.45,9.6,1270.27,179.79,33.8
14.02,25.8,2.2,26.5,20.8,17,3.8,68.8,26,90,0,1.3,90.9,0.2,5.3,17.4,27.3,5.3,8.5,6.4,5.3,16.4,12.3,17.1,3.4,47.5,29.3243,17.7703,0.6081,4.7973,41.4483,0,14.12480939,28.30922442,4.636373032,0,4.470139308,9.504681574,0,2.345164042,1.275446259,31.5441817,0.123218478,1110.579949,8.774930829,146.0162327,1.514353823,8.636982953,0.054620734,1440.494549,9.722782673,169.4307409,1.430329349,1637.67,208.45,9.6,1270.27,179.79,33.8
15.01,11.3,4.4,10,20.8,12,1.8,41.3,12.6,94.5,0,6,72.9,7.4,2.7,18.6,25.1,7.3,8,5.3,4.3,10.3,8.2,13.3,2.6,71.6323,9.271,15.3988,1.1358,2.5621,47.5618,0.154539879,16.11889274,10.24306978,17.33920839,0,6.358849803,7.921485851,0.971493191,2.422810275,0.253267187,23.56144934,0.004794231,940.1369628,0.297730428,83.28382592,0.06363896,6.556849065,0.001853263,1179.946333,0.333443784,98.01472517,0.05638495,1256.325148,126.9947934,7.129778248,1056.761285,113.3853289,26.80925167
15.02,9.5,4.2,2.8,2.4,2.3,1.7,30.3,1.4,94.4,0.6,9.6,83.4,7.1,4.4,5.6,8.6,2.1,8,1,1.5,8.9,1.9,10.7,0.6,73.5305,5.1657,19.8611,0.9797,0.4631,52.4476,0,6.158565124,13.88048434,27.28198664,0.302627996,24.36872274,1.017220254,0,1.436662047,0.848050692,20.35909102,0.037097485,828.9131279,2.787275137,49.43748311,0.439683943,6.058503711,0.017349768,1106.38003,3.076953517,67.17662654,0.428114883,1247.881563,122.7796722,7.064611889,1044.695822,109.6192495,26.55041233
16,22.6,7.7,32.2,19.8,11.1,1.3,80.9,35.9,78.4,0,12.9,87.3,0,7.2,16.9,28.8,5,7.3,6.6,5.1,16.8,14.4,11.1,3.7,52.287,24.1852,17.4473,2.0816,3.9989,50.1893,0.394424302,4.326635129,32.71719761,10.94151415,0.713290795,1.177843395,24.64963705,6.466673409,0.892044719,5.763480767,29.94329604,0.32280117,1083.058563,24.3829576,130.3401858,3.808707818,7.803327402,0.151774991,1342.782373,26.90823396,150.7935431,3.722715398,1637.520697,208.4141218,9.598763743,1270.159433,179.7589511,33.7970108
18,25.9,4.9,37.9,20.1,7.4,3.2,73.4,32.4,86,0,13.1,86.6,8.3,6.9,14.4,24.2,4.3,7.8,5,4.4,16.5,10.8,13.1,2.7,52.3644,22.9017,17.331,2.9958,4.407,56.5154,0.11993282,8.335945472,34.96608873,8.744423049,1.281288573,0,6.885272837,6.622876208,1.316364793,1.823684606,28.60781159,0.276039006,958.6703738,20.74345247,112.2345357,3.270217401,7.423810714,0.129120403,1229.673841,22.89932091,131.4928911,3.185407341,1637.611406,208.4361434,9.599530974,1270.226434,179.7779846,33.79886518
20,44.3,7.5,32.1,17.9,17.2,20.4,98.3,23.5,97.7,0.8,6,90.1,0,4.9,23,35.2,5.5,10,8.7,8.2,21,18.9,26.7,5,30.2128,33.7021,21.1064,6.2979,8.6809,38.3224,0,45.4564766,0,0,0,0,2.559514677,38.828482,0,0,29.45088091,0.196105922,1380.946358,12.67850621,145.8663203,2.530916409,8.633436818,0.078919063,1695.348762,14.15901749,160.9631768,2.29621383,1426.508257,136.1316129,7.446342538,1149.530082,122.1339672,27.48207497
21,2.1,0.8,3.6,6,1.5,1.5,21.9,1.7,87.1,0,6,73.8,1.9,1.3,9.7,13.2,3.7,7.6,1.8,2.1,9.6,3.2,12.9,1,73.4157,3.8391,20.9571,1.5777,0.2104,54.3324,0.172285299,5.787616695,27.76153102,21.08811744,0,0.202324917,3.803579786,0.161144523,0.418516073,0.076841651,20.1693433,0.042621347,810.8285841,3.213978917,96.57529263,0.50366696,5.892989854,0.020005843,1085.341578,3.547193739,107.8813461,0.49164241,867.141594,39.38045461,4.204747922,626.5305399,38.51544109,16.70441437
22.01,38,7,19.8,16.4,18.3,8.6,82.2,20.8,92.7,0,6,80.7,1.7,9.1,18.5,29.1,5.3,8.7,6.3,5.6,16.8,13.2,20.1,3.5,39.3881,25.3537,24.3977,3.327,7.5335,44.7381,0,32.40446929,16.69194008,0.536765055,0.292339825,0.447463859,12.61731332,12.36633901,0.130308654,0.282638754,31.38016178,0.236500142,1225.852061,17.91392186,159.0778161,2.784453584,8.760931916,0.11150761,1559.773405,19.76568701,181.4007757,2.726542167,1637.629662,208.436185,9.599588587,1270.246935,179.778986,33.79879309
22.02,25.5,3.8,7.1,11.9,8.3,4.2,42.9,9.9,77.7,0,6,86,6.2,12.7,11.4,18.2,3.7,8.3,2.9,2.9,12.1,6.1,16.3,1.6,67.7225,13.4992,18.7029,0,0.0754,51.4466,0,25.32026623,21.73933534,0.362003782,0,0,4.873073939,3.30449987,1.059661725,3.77128962,29.05790122,0.107689449,1100.859616,7.163988109,125.1259615,1.37595981,7.909016241,0.044593205,1398.83793,7.979277552,141.756509,1.258366786,1372.052225,117.4815851,6.890940613,1118.392733,107.2651813,25.85275936
24,51.9,9,39,16.6,23.7,13.3,98.3,19.1,98.8,0,1,87,0,10.3,23.8,35.6,5.6,10.7,9,9.4,23.6,18.7,27.4,5.3,28.2027,37.5717,23.4226,0,10.8031,43.4835,0,34.30840154,17.03717364,0,0,8.340661111,0,56.28031299,0,1.331378201,27.21575776,0.143921037,1288.647941,9.124124929,122.8599859,1.877473244,7.67217694,0.05679434,1573.863589,10.20581523,134.0700929,1.688251936,1371.980655,117.4504697,6.890074533,1118.359216,107.2402723,25.85009923
25,43.8,14.1,48.6,28.6,19.5,6.1,99.1,32.2,96,0.4,7.8,87.7,3.4,4.9,26,40.3,6.2,9.9,11.4,10.1,22.8,22.8,22.4,6.7,23.0006,39.9256,19.5908,3.7818,13.7012,39.7603,0,0,35.89852857,0,0,1.898111358,7.181425533,0,0,2.660738598,32.01351413,0.04776837,1262.027385,3.397637494,159.2213516,0.588979311,8.41454112,0.02114905,1437.184228,3.76450897,177.4632991,0.554709084,1256.368857,127.0040279,7.130122146,1056.800557,113.3932836,26.81034567
26.01,27.2,5,23.8,9.5,17.9,9.8,75.6,12.4,90.1,0,4.4,83.1,6.8,5.5,15,23.9,4.1,9.1,4.5,4.7,17.3,9.8,20.2,2.5,42.1191,18.3975,26.8318,4.6389,8.0127,48.1088,0.390960833,34.51734969,7.327688717,2.357263167,0,0,16.7998572,6.854278509,1.308187423,0.744701872,28.18620053,0.103232012,1110.807363,7.155223282,120.1020742,1.289872331,7.653684412,0.044538647,1398.198003,7.943894081,134.6998134,1.201633455,1371.96,117.45,6.89,1118.34,107.24,25.85
26.02,22.7,3.9,12.3,14.1,14,1.6,40.3,10.9,84.5,0,5.7,81.6,0.7,3.9,13,19.6,4.5,8.2,3.4,3.2,11.9,6.7,15.4,1.8,68.3821,10.3335,20.2141,0,1.0704,51.0273,0.727117651,33.6051508,15.85422451,0.391384226,0.654535445,0,11.98017784,2.803315332,0.416573526,4.627144899,27.70470943,0.069756774,1179.8195,5.035641426,122.170851,0.850043892,7.469234516,0.031345026,1452.210566,5.574139457,135.8112767,0.808598658,1371.96,117.45,6.89,1118.34,107.24,25.85
27,17.8,5,24.6,24.2,10,1.3,82.9,28.9,81.1,0,8.6,69.3,0.8,12.7,18.7,29.1,6.8,6.6,6.4,4.4,11.4,12.3,9.6,3.3,48.1752,17.6642,21.1679,5.5474,7.4453,46.2614,0.034044398,7.267389063,1.374471512,0.770115804,0,0,2.121800766,1.776882302,0,0.012335461,29.73893524,0.086237125,1152.592543,6.255980551,147.3202878,1.048859121,7.63106935,0.03894119,1331.755197,6.92215732,161.3558875,0.99923916,1256.428711,127.0153143,7.130408698,1056.823926,113.401808,26.81134803
28,20.2,3.8,15.5,18.2,12.7,9,69,8.9,91.6,0,5.1,79.2,2.4,2.3,17.4,26,5,9.3,5.4,5.4,16.6,10.7,20.5,3,46.282,18.266,28.4789,2.4375,4.5356,42.6906,0.022825732,28.60681235,10.56981608,0.827102566,0.761318927,6.302556697,8.402999674,3.579894939,0.098961466,0.704923592,25.49048606,0.037964374,1134.19624,2.417376028,107.1183685,0.496856876,6.85350918,0.015047281,1391.97363,2.701891911,116.396887,0.445443611,1371.96,117.45,6.89,1118.34,107.24,25.85
29,25.3,5.8,46.7,24.1,14.1,4.1,88.3,44.1,88,0,18.8,78.7,23.1,8.2,18.4,32.2,5.1,7.6,7.7,6.1,19.6,15.6,14.7,4.3,42.8082,25.4892,19.1781,4.4521,8.0724,60.7855,0,1.814607451,7.653383333,8.687485128,0,1.147678741,9.784975953,2.337159717,0.188490663,0.293811572,27.03214923,0.13742602,1037.186384,10.25831822,125.9644352,1.63676939,6.784231568,0.063854278,1222.262462,11.32926237,136.6179458,1.587141303,1068.532078,78.64357805,5.33095739,848.5084723,69.87988984,22.1462467
30.01,19.9,7.9,7.5,5.8,5,1.3,44.1,6.6,83.5,0,7.3,89.4,0.3,6.8,9.6,15.2,3.2,8.1,2.4,2.5,12.3,5.1,14.2,1.3,55.5747,11.1493,23.8472,2.0303,7.3985,58.9828,0,15.77023614,25.7081727,7.202552076,0,0.365115063,12.1156114,1.881015062,0.085801636,0.342147635,28.09876113,0.183011295,956.0918816,13.29772237,104.5146362,2.221758024,7.307144215,0.082773457,1231.901692,14.71264042,121.3300466,2.120038805,1637.604333,208.4275691,9.599331873,1270.232396,179.7721114,33.79804107
30.02,20.1,1.9,12.2,17.6,11.4,5,43.5,7.7,93.9,0,5,87.7,0.5,4.1,16,22.9,5.6,8.6,4.7,4.3,13.5,8.1,16.5,2.4,64.3716,13.9891,16.3934,1.2022,4.0437,42.813,0.81587089,22.74161814,32.38246931,2.033721921,0,0,2.040404382,0.645602884,0,1.742896608,26.81630195,0.164510037,928.2271116,11.82605748,92.56617128,2.011717148,6.873329953,0.073612881,1183.690629,13.09406839,106.6014851,1.907950705,1371.958799,117.4699804,6.89054953,1118.319886,107.254004,25.8519864
31,10.6,7.8,13.7,7.9,4,0,44.3,6,97.4,0,6.1,83.7,44.4,2.1,7.5,11.9,2.5,8.8,1.8,2.2,11.5,3.6,11,1,59.0429,9.2892,31.2456,0,0.4222,45.9571,0,2.295728581,10.76886508,54.83665122,0.604053156,0,6.322440632,3.492695244,0.821333859,0.26902668,15.78239599,0.096011461,563.0628184,7.24844681,16.02183828,1.133504597,3.262849915,0.04511893,750.3323192,7.999361554,11.93914437,1.107344209,944.5919266,51.88009586,4.472185692,711.6382436,47.42041748,18.88868415
32,16.1,3.6,1.5,17.9,10,0.9,24.5,1.6,81.4,0,4.4,79.8,0.3,6.6,14.9,20.1,5.9,8.1,3.9,3.4,10.3,5.9,13.8,1.9,66.4384,13.0137,13.9127,2.8467,3.7885,55.1394,0.10421492,36.26925764,24.21141073,1.073072399,0,1.109032357,5.624376937,27.02423855,0.096159584,1.216477167,25.55757442,0.127193801,949.8461102,9.167620254,87.34851667,1.552140223,6.516480405,0.057065082,1186.60522,10.14889608,98.44642873,1.474694768,1371.87997,117.4394846,6.889649163,1118.278146,107.2300215,25.84928088
33,4.2,7,2.2,7.1,1.9,2.9,24.3,1,66.2,0,7.4,71,0,0.5,12.6,16.4,4.9,7.8,2.6,2.6,9.4,4.2,13.9,1.3,66.0697,3.8056,27.0227,2.2705,0.8315,48.5976,0.6845089,22.26149654,52.46696373,31.5335984,0.365919562,17.75525486,6.523474167,0.543648469,2.257355525,0.662820583,14.34109965,0.053006639,500.6935769,3.829269753,-14.62563432,0.646748858,2.496626604,0.023835803,735.2364439,4.238189491,-20.70687876,0.614495906,1048.294878,68.62907837,4.830583389,825.5689258,59.35553,21.8122905
34,35.5,6.9,12,8.1,10,3.7,41,3.8,82.3,0,3.6,88.9,0,2.9,11.7,17,3.8,8.9,3,3.5,14.3,5.3,16.3,1.6,71.3597,7.7146,20.9257,0,0,48.5023,0.195123197,17.65741692,23.85170849,0.922031907,0.222537234,0,4.985636068,2.492082995,0.10320577,1.130161461,23.89624712,0.108777824,999.3420188,8.175555911,86.54464372,1.288769111,6.107991239,0.050889845,1217.861509,9.025087313,94.33455395,1.255262237,1371.865619,117.4375989,6.88958625,1118.267054,107.2282321,25.84915193
36.01,20.7,8.1,29.6,16.1,12.4,7.1,76.9,19,81.8,0,6,81,1.4,5.6,15.3,24.5,4.4,8.7,4.9,4.9,17.6,10.2,18.1,2.7,44.4176,18.4671,25.7695,7.4834,3.8624,53.7931,0.332596934,16.88926722,23.73058125,4.708949257,0,0,5.132432129,5.808949089,1.326748797,0.481847874,25.9278327,0.232468573,828.0918828,17.35268004,76.27322884,2.768439037,6.362424765,0.108014085,1068.567082,19.16436818,90.5092846,2.684766561,1637.45772,208.4045622,9.598586031,1270.122647,179.7512003,33.79635246
36.02,23.7,9.2,9.9,10.3,13.1,0,39.8,4.1,81.5,0,4.2,79.2,24.8,6.1,12.6,19.4,3.8,8.9,3.5,4,16,6.3,17.4,1.9,74.0779,5.7662,14.9091,0.3117,4.9351,58.7281,1.359366487,18.84841764,16.21579568,2.857481378,0.771458022,0,8.761977351,11.62169587,0.340358778,0,24.68007883,0.183774696,791.3376378,13.59086676,63.91899591,2.20394168,5.930981744,0.084598174,1008.725414,15.01891754,75.55338757,2.124717298,959.1875833,63.2184238,5.080598291,799.3078953,55.77633907,22.14142718
37,4.8,2.2,4,16.2,7.3,4.8,20,3,70.4,0,0.9,69.2,2,7.2,14.6,18.5,5.8,8.1,3.3,3.2,10.1,4.8,14.2,1.6,74.1877,4.0915,18.8929,2.2864,0.5415,49.5541,3.696090898,14.217903,12.26969249,59.0483283,11.25373612,9.387605873,2.659831457,2.112728304,1.921019399,2.947268454,23.93137098,0.122899048,886.2803572,7.826107137,86.66442971,1.605935642,5.418388872,0.048714654,1145.649374,8.748080643,104.6180935,1.441743979,1117.56367,81.84968048,5.029273992,877.0976347,67.31212846,23.24091977
38,10.8,4.7,11.2,13.2,9.9,0.4,39.1,4.2,83.3,0,4.1,81.5,5.2,9,11.8,16.3,4.4,8.4,2.8,3,11.5,4.7,13.5,1.4,67.2756,14.4037,14.8955,0,3.4253,51.6697,1.452387121,59.71018797,103.2574765,16.21521335,0.751496856,0.520879474,26.40962707,3.189813904,1.568836558,2.006329835,23.49339728,0.140797362,828.8535236,10.17177724,67.71375126,1.713362154,5.597861348,0.063315592,1020.493491,11.25942777,76.7527099,1.631796215,959.1395847,63.20782908,5.08026121,799.2760523,55.76742933,22.14053541
39,3.6,2.5,3.6,16.3,7.8,3.5,18.8,0.6,77.2,0,4.5,61.2,0,2.9,15.4,19.9,6.1,8,3.3,3.1,9.1,5.4,14.4,1.6,71.1677,1.3772,26.5569,0.5689,0.3293,42.9064,1.966800601,23.38155911,46.77541631,18.25454687,0,7.995130679,8.337775548,6.254289291,0.785019568,0.829922277,28.32826981,0.101385505,1171.850851,7.542101662,156.6701014,1.210545319,7.272931178,0.046946824,1420.644349,8.331379379,182.5955186,1.171367867,1071.328412,72.3680482,4.910643295,850.8603285,62.02448122,22.46084968
40,7.7,4.4,3.3,5.2,5.6,3.4,30.8,1.2,87.5,0,2.7,85,19.3,5.6,9.5,13.3,3.6,8.4,2.1,2.3,9.9,3.5,12,1.1,70.0761,8.7644,19.2856,1.6982,0.1757,55.9024,1.621701689,21.21702789,25.14567367,1.100707667,0,1.703678322,15.34269018,0,0.862994321,0.784762474,22.59347317,0.036919173,856.8280704,2.340762545,66.79851855,0.483687099,5.408766457,0.014570391,1033.497682,2.617424423,73.61474213,0.433287775,959.1461499,63.20869171,5.080289991,799.2811265,55.76824792,22.1405944
41,19,2.9,33.2,17.4,11.2,2.7,66.8,29.5,79.3,0,13.4,86.6,4.8,6.4,15.1,24.3,4.9,7.7,5.2,4.3,14.3,10.6,11.3,2.7,53.0034,19.0182,15.3063,0.2993,12.3728,48.1307,0.276145837,4.430685051,45.90921558,17.40235105,0.270103388,0.070745827,5.356594477,0.663864041,2.035442674,0.279853036,24.18884605,0.30858411,804.6069581,23.29135267,74.2718177,3.643250453,5.92802128,0.14498015,1035.653641,25.70478774,86.3855525,3.559092526,1013.839254,64.34110243,4.852844197,803.7955888,54.459854,22.30212421
42,11,9.9,2.8,3.7,4.7,4.1,36.3,0.9,91.6,0,3.8,86.5,49.6,2.7,8,11.7,2.8,8.8,1.8,2.4,11.2,3.2,11.4,1,56.0338,14.3604,28.1577,0,1.4481,46.9435,0.022278092,2.509504165,3.400105663,1.539615792,0,0,2.450169827,0.138100017,0,0.306371922,22.16367807,0.001959477,796.6360479,0.122123468,55.17219127,0.025916661,5.070703846,0.000760174,955.9187074,0.13674771,62.73352088,0.023033549,959.08,63.2,5.08,799.23,55.76,22.14
43,14.4,2.6,9.3,14.6,3.8,4.1,40.3,8.9,80.7,0,4.6,82.3,0.4,11.5,12.7,18.4,4.7,7.9,3.3,3.1,11.1,5.9,13.6,1.6,72.7236,5.0225,18.1707,2.4908,1.5925,47.6469,0.341549348,8.11862728,31.53151066,14.79870689,0,0,4.373570476,1.203433297,0.492559624,0.106342877,23.5150685,0.11172556,716.8075287,7.84605262,50.87068396,1.385215054,5.369225877,0.048838807,918.347036,8.702309977,61.27202251,1.298806074,821.7159665,37.57941423,4.66142819,646.5203827,29.23353957,21.77347796
44,10.4,2.5,2.3,15.7,9.5,4.1,29,1,97.2,0,4.1,74.4,0,6.2,15.1,19.2,6.1,8.2,3.4,3.2,8.8,5.4,12.9,1.7,69.3903,9.9981,17.4304,1.0415,2.1397,42.0942,0,0,93.5186229,0,0.002094096,21.37727413,0,1.50238944,0,0.371322786,23.71656065,0.184229261,1173.786516,12.74393234,92.30229864,2.270866933,6.617163566,0.079326317,1421.656926,14.16690163,98.39378331,2.141151071,1371.901004,117.4412257,6.889694444,1118.293208,107.2324875,25.84901759
45,4.6,2.6,12.5,12,4.5,5.6,38.7,8.8,53.4,0,20.9,69.6,0.5,3.6,15,20,5.5,7.9,3.6,3.7,12,6,14.3,1.8,58.3012,7.3359,24.3243,1.3514,8.6873,52.0197,0.031844636,4.005437787,8.373018904,15.84221176,0.072869638,0.253616425,0.152248613,0,0.578460063,0.105104894,22.60294577,0.251904557,749.2795026,19.06266511,56.65073934,2.967888573,5.2460945,0.118658117,963.2041531,21.03448606,66.65675778,2.904453656,997.2125551,62.01957221,4.835880294,790.1889753,52.27252985,22.25542961
47,8.6,3.5,0,18.5,5.1,4.9,25,0,59.6,0,5.4,82.4,0,6.8,14,18.4,5.6,7.9,3.2,2.9,8.8,4.9,13.9,1.5,72.3955,3.5833,22.6941,0.7963,0.5309,54.4275,0.784914805,13.46205922,28.75061454,14.77104577,0.219798449,0,0,0.311949435,1.280234834,0.306989431,20.39925478,0.085430495,699.2532686,6.430775437,20.90784592,1.011152291,3.937756717,0.040029225,895.5053699,7.098238185,25.7395121,0.985678392,1006.810475,63.35711011,4.845486283,798.0455215,53.53321985,22.28194214
48,10.3,5.4,1.4,13.7,9.4,0,29.3,0.6,83.4,0,3,79.5,20,2.6,13.3,17.5,5.1,8.4,3.1,3.1,10.5,4.9,13.3,1.5,71.3861,6.6739,20.0757,1.432,0.4323,45.7673,4.884774776,26.37368241,12.54913839,1.694266203,0,0,22.7868452,11.21794922,0.283861895,0.489664605,18.73724558,0.053629544,741.4220108,3.64782658,62.47802653,0.679002283,4.65432113,0.022706386,907.1923806,4.055147191,61.64236668,0.625562841,959.09607,63.2021115,5.080070448,799.2424203,55.76200369,22.1401444
49,9.2,3.7,0.8,17.9,6.7,1.4,22.3,2,77,0,5,80.3,1,4.9,14.9,19.2,5.9,8.1,3.6,3.3,10.2,5.1,14.1,1.6,73.9358,8.8974,15.0384,1.1863,0.9421,50.4989,1.232643149,46.26706426,56.29504523,35.94005298,0,0,4.815391842,2.663558599,0.842204226,0.340835355,21.99892954,0.049403764,684.2945105,3.596639334,35.9217259,0.598718779,4.682441508,0.022387764,875.8883898,3.978891245,45.56480287,0.572156651,823.1075038,37.7861419,4.66232858,647.5608803,29.39640057,21.78076014
50,6.8,6.4,0.7,12,4.9,0.9,21.9,0.7,89.5,0,4.7,74.8,1.2,3.6,14.3,18,5.9,7.9,3.1,2.9,8.6,4.7,13.1,1.5,78.1712,2.6206,17.7865,0.7806,0.6412,47.3472,2.756941014,21.88847605,14.04776909,16.33045553,0,6.097760693,5.747430265,4.647096532,0.415105289,0,18.10047258,0.051268511,689.4418834,3.606034206,51.01454563,0.636316034,4.295175746,0.022446244,839.4722606,3.99870507,50.98504472,0.596021694,959.1821244,62.91743504,5.048673507,797.7344732,56.13717097,21.82046978
52,10.6,5.3,0,12,4.6,6.7,26.8,1.5,88.8,0,1.5,67.5,22.2,0.7,11.7,15.3,4.6,8.1,2.6,2.6,9,3.9,12.2,1.2,67.6164,3.726,27.726,0.4384,0.4932,53.4803,0,6.719415429,13.92620482,23.29998502,0,0,4.658692762,8.527185656,1.045510104,0,19.09920823,0.279513336,743.8930617,21.20632672,54.91428596,3.286140434,4.464948477,0.132001626,915.2123507,23.39617102,59.08893754,3.221750308,959.327385,62.58238561,5.011334642,795.9678668,56.58838736,21.43929881
54,4.1,2.8,3.4,16.1,4.2,2.3,24.3,0.7,87.4,0,4.4,73.5,4.4,0.5,15.2,19.6,6.1,7.9,3.5,3.1,9,5.3,13.7,1.6,81.4647,1.1017,15.1977,1.0045,1.2314,51.6721,0.259892568,12.43853727,12.09905345,31.20387347,0,0,4.034727618,0,0.525071855,0.541857936,21.15453878,0.367911801,878.5481239,27.85921834,58.38715213,4.331746671,4.990112277,0.173413442,1090.54524,30.73990312,70.01336416,4.241620314,1188.940541,84.6918659,5.558149798,978.8969967,66.29036564,23.92434773
55.01,7.7,1.6,2,16.5,5.4,6.6,34.2,0.4,99.3,0,9.8,75.5,10.9,1.1,15.3,19.5,6.6,7.7,3.5,2.9,7.5,5.1,12.7,1.6,90.5195,3.1475,5.4987,0,0.8343,47.0524,0,8.775178656,4.306415429,7.786006842,0,0,47.12981653,1.758348511,0,1.711931091,21.95857076,0.042532594,667.8311569,3.139544283,33.46071447,0.511207075,4.718057156,0.019542515,846.0707436,3.469735584,42.64885882,0.491888138,821.5379423,37.54080945,4.660176859,646.4043808,29.20118843,21.7701558
55.02,15.3,6.9,4.7,10.9,11.8,2.1,20.8,0.4,72.9,0,6.4,73.5,9.6,6,12.6,17.6,4.7,8.1,3,3,10.8,4.8,14.6,1.5,72.5318,6.051,20.5414,0.8758,0,54.3468,0.115654044,17.68174924,19.89908032,18.76122996,0,0.145448556,1.36065089,0,1.651435082,0,22.65447866,0.0479565,685.2598435,3.011627845,41.4355053,0.630903408,5.081116715,0.018746282,864.5850562,3.370446307,50.27939141,0.563255426,837.269984,40.47570967,4.708196897,663.8844704,32.23897958,21.81246144
56,18.5,5.8,7,12.6,8.1,0.7,29.1,2.1,93.4,0,3.2,73,7,2.5,12.8,18.3,4.4,8.4,3.1,3.3,12.2,5.3,15.6,1.6,74.5763,3.7563,19.606,0,2.0614,47.4755,0,6.685566508,15.02055535,38.46046326,0,0.695729517,1.569619977,18.47975735,0,0,18.72990924,0.285985621,898.8291524,21.64622535,60.76241303,3.368953025,4.938353742,0.134739834,1122.981277,23.88494798,66.84881835,3.297332187,1039.335804,63.52666691,4.86507485,837.8403579,65.38293589,17.63848877
57,1.3,3.4,2.3,18.7,6.8,1.3,19,0,91.4,0,1.5,73,0,0.3,15.2,19.2,6.8,7.6,3.5,2.8,7.3,4.8,12.4,1.6,84.1731,2.6082,12.626,0.5928,0,47.5984,0,4.860387003,7.333344442,12.51696499,0,0,4.208320398,0,1.027623663,0.407088178,21.86727202,0.110191959,730.6669389,8.311534702,44.15380217,1.301854633,4.862769619,0.051736263,894.1742306,9.173102947,51.7995354,1.271033397,959.0799945,63.19999897,5.079999983,799.2299938,55.75999893,22.13999999
58,4.2,5.2,2.5,7.7,3.4,3.1,36.6,4.5,93.9,0,1.9,79,0,2.8,8,11.7,3.2,7.6,1.6,1.8,8.8,2.9,11.8,0.8,69.9846,5.2267,22.5596,0,2.2291,53.5075,0,4.445708672,15.42165897,35.13471885,0,0,3.368640488,0,1.565942992,0.117525039,19.75224505,0.358094493,960.0474843,27.08197269,60.40983257,4.221201186,5.115839444,0.168575373,1202.266125,29.88441273,71.83940019,4.129140758,1113.949502,67.3112067,4.970923086,892.8658786,63.66548044,18.35350316
59,2.6,3.6,0.3,21.9,4.3,1,19,0.6,93.2,0,3.6,67.6,15,1.1,16.4,20,6.9,8.1,3.9,3.4,8.6,5.2,12.8,1.8,73.7098,6.9133,18.8251,0,0.5518,47.3425,0.695522944,14.26082304,10.90077828,2.309454259,0,0,12.55597482,0,0,0,22.78956209,0.155022474,795.7215423,11.72485594,53.56222783,1.827449124,5.013565289,0.072982939,975.9678104,12.93804329,64.74613234,1.787542717,959.0850028,63.20047559,5.080011252,799.2339526,55.76021921,22.14004742
60,5.5,2.2,1.1,17.1,9.1,2.2,24,1.5,100,0,4.5,70.5,0,0.8,20.4,24.9,9.5,7.6,5.3,3.8,7.2,6.4,12.7,2.4,78.7976,6.204,14.9984,0,0,51.2154,0,0,51.20790787,0,0,0.174991704,0,0.032552084,0,0,18.41127277,0.325863124,847.1925309,24.43531998,81.01511693,3.865828278,5.042586577,0.152100928,1060.108833,26.97889049,78.61344065,3.761223493,961.0113408,58.71808984,4.581119978,775.5971402,61.79556007,17.04598682
61,3.1,5.7,0.7,11.5,6.3,6.1,26,0.8,81.6,0,5.5,70.2,27,1.9,11.3,14.6,4.4,8.3,2.5,2.7,9.6,3.7,12,1.2,73.6785,6.0518,18.9209,0.2917,1.0572,48.7304,0.747952605,14.76877191,10.53513257,14.91838399,0,0,6.887811012,0.18804597,0.201463384,0.025853586,22.3147164,0.192997201,826.6428679,14.63426459,59.19997354,2.270200349,5.044327659,0.091092943,1006.308717,16.14596947,69.29868257,2.224709292,959.090089,63.2009591,5.080022691,799.237971,55.76044207,22.14009563
62,28.7,5.9,16.8,13,8.9,0.6,57.4,5.3,97.7,0.4,6.1,82.2,37.4,7.9,13.8,21.6,4.4,8.6,4.1,4.1,13.6,7.4,16.2,2.1,64.6539,8.3456,20.2258,4.1237,2.651,55.6767,0,1.77955962,12.75434479,8.670951432,0.373467146,5.51579419,92.80397069,6.925692027,0,1.746587005,16.96431769,0.348828449,858.1347948,24.11229672,82.34113079,4.341018957,4.866433046,0.150090226,1078.953653,26.78383732,75.88555388,4.059098778,1170.408332,71.59130461,5.340653949,942.0067409,71.40002389,18.63589271
63,7.2,2.4,0.5,24.9,10.7,2.3,17.4,0.4,83.1,0,2.9,71.6,3.2,3.4,17.1,21.4,7.2,8,4.2,3.5,8.6,5.6,13.9,1.9,80.5722,2.5488,15.8908,0,0.9883,44.4855,7.413364495,30.04716217,16.28963907,9.922125138,0,0,6.632241365,0.070779682,0,0.00136233,23.0663197,0.265508632,857.5575496,20.10498687,62.61525385,3.126590557,5.084748755,0.125146188,1059.870682,22.18372367,76.51494682,3.061072152,1208.004196,86.86508694,5.639796541,995.8898025,66.66834969,24.49936876
64,8.5,2.9,3,12.9,5.9,0,27,1.3,84.6,0,1.1,78.7,4.9,6.1,13.6,17.6,5.4,8.2,3.1,3,9.5,4.8,13.1,1.5,73.5825,6.5367,14.9874,3.9545,0.939,49.9359,0.475856579,20.48011531,15.89820032,3.396275663,0,0,15.13106142,1.096618971,0.703126945,0.279504708,17.19640639,0.09045674,757.9388322,6.68652822,64.89946501,1.084918804,4.58603265,0.041621192,938.2359429,7.389411854,61.03537347,1.045850315,960.4023365,59.54350195,4.674615418,779.877375,60.64096733,18.00504969
65,8.7,3.9,3.2,12,5.7,2.2,24,1.1,85.8,0,8.7,88.6,13.2,4,10.8,14.4,4.3,8.3,2.5,2.6,9.9,3.7,12.3,1.2,65.8757,5.7241,23.4834,1.7368,3.18,46.5359,1.834320262,9.422875524,17.52388235,1.431926235,0,0,7.770406731,18.08757112,0.897675943,0.001237477,22.57191904,0.131547697,736.6192765,9.87860237,45.58706794,1.559813983,4.820170697,0.061490686,941.136179,10.90561027,57.98720601,1.518195723,895.7862047,48.91772703,4.864970231,720.1984457,39.49921125,22.15358477
66,21.1,2.3,11.4,24.2,14.3,0.8,41.4,10.9,92.5,0,5.3,80.7,1.5,1.8,14.9,20.4,5.3,8.9,3.8,3.9,12.3,6.7,14.7,2,74.996,9.8717,14.3559,0,0.7764,51.8975,0.06675197,36.60638465,25.77242373,1.329491686,0.129841762,0.147217248,10.85662466,4.334154983,0,0,17.23912584,0.165876588,808.9790828,12.61245783,72.71823474,1.944861856,4.734252383,0.078507936,1015.277467,13.91395382,68.84475008,1.911217649,1298.051516,79.44431008,5.803664525,1043.444503,77.25575723,19.60729616
67,4.6,3.7,0.5,13,8.3,0,15.1,0,81.9,0,3,84,0.2,5.7,12.4,16,5.1,8,2.7,2.5,8.9,3.9,13.1,1.3,70.5625,5.3429,21.8084,0.6679,1.6183,49.3349,7.753211058,21.42920124,22.04349254,4.191050475,0,0,4.8606585,5.48516058,0.872290392,1.562726776,23.28738189,0.102118853,822.5678342,7.489176063,61.19934653,1.232286061,4.937388905,0.046617381,1064.246198,8.280658561,76.99922803,1.181794742,1175.745965,93.41463104,5.169951008,911.6045154,74.08568677,24.13977233
68,10.2,7.4,0.5,10.4,6.4,1,37.2,0.5,94.9,0,4.2,81.6,18.6,2.2,10.9,15,4.2,8.3,2.5,2.6,9.7,4,12.5,1.3,69.7357,5.5579,22.1057,0,2.6007,48.7169,0.678482805,15.92112068,20.03704443,18.21265049,0,0,17.20883667,0,0.259618359,0.003798235,17.71684124,0.130671707,835.9220662,9.913765928,62.10739252,1.53641393,4.769471307,0.061709566,1040.335527,10.93746751,62.57701295,1.50617443,1117.757646,68.35244396,5.149712487,900.1674623,68.98417181,18.23561242
69,2.9,1.6,0,11.3,5.2,0.9,24.5,0.5,87.1,0,4.2,62.9,12.9,1.5,10.8,14.3,4.2,8.1,2.1,2.3,9.5,3.5,13.5,1.1,76.8068,4.6649,17.6084,0,0.9198,55.4102,1.522125649,8.764293252,10.7596674,12.65789538,2.147875431,34.98392306,4.24842511,0,2.39729756,1.364213674,24.65846193,0.153130464,972.9620322,10.81770101,95.56562585,1.892902981,5.436184504,0.067336231,1265.925712,11.9926679,116.6915812,1.779176292,1175.78,93.42,5.17,911.63,74.09,24.14
70,10.6,2.2,0.9,11.7,5.8,0.5,33,2,85.4,0,1.5,80.3,2,6,11.9,16,4.9,7.9,2.8,2.5,9,4.3,12.4,1.3,84.0345,2.9947,10.068,2.5354,0.3674,41.8853,1.941000149,15.4484745,31.06294781,4.40784299,0,0,4.204253465,0.96778144,0,0.611818994,11.50913023,0.200874049,244.8891677,14.34769468,30.83038228,2.424120763,2.204505988,0.089309151,327.3903441,15.91233212,24.51252658,2.326709531,1523.058773,93.28746357,6.619850453,1222.257237,87.57810867,21.31968624
71,6.2,2,2.5,18.1,7.1,2.4,21.3,0,77.7,0,2,81.4,7.4,2.8,15.1,18.9,6.2,8.2,3.5,3.2,9.4,4.9,13.4,1.6,77.0681,5.9948,15.7592,0,1.178,48.862,5.889007535,20.39879456,22.02677275,3.44905073,0,0.174485544,8.165014963,1.560258902,0.369828165,0.147061377,23.42201643,0.224429467,849.6228117,16.90243087,60.57235962,2.653678062,5.106076984,0.105211449,1067.580839,18.65663265,76.53459051,2.589112477,1194.727784,89.57645752,5.445796178,961.1090079,69.73594119,24.35124814
72,11.6,3.8,3.1,8.2,3.7,0.1,28.1,7,83.5,0,4.7,79.9,4.2,2.8,10.5,14.2,4.1,8.4,2.4,2.5,9.9,3.7,12.1,1.2,69.8567,6.1891,20.8405,2.6361,0.4776,43.2936,1.419602752,15.6396675,24.02003166,13.05005423,0,1.281186386,6.762115902,0,2.130738861,0.507836546,21.50947171,0.114137243,1236.759999,8.635118942,88.24612553,1.34508793,6.567861292,0.053750456,1544.730087,9.528450803,94.49721217,1.316046539,1523.1,93.29,6.62,1222.29,87.58,21.32
73,7.4,7.8,1.3,14.8,6.5,0,16.2,0,71.3,0,1.5,81.2,0.1,5.8,13.7,17.6,5.7,8,3.1,2.7,8.5,4.5,13.6,1.4,79.1344,4.6035,14.7361,0,1.5261,52.6584,9.90044969,32.63384208,26.22576055,2.737018575,0,0,5.073663661,0,1.26666246,0,23.79503592,0.089506047,870.463277,6.739559074,66.48088466,1.058553672,5.101896638,0.04195129,1116.705262,7.439101365,84.37023528,1.032609833,1175.78,93.42,5.17,911.63,74.09,24.14
74,7.6,2.8,1.2,12.4,2.6,0,27.3,1.9,94.7,0.4,3.6,89.7,14.1,1.2,10.4,14.1,4,8.3,2.2,2.4,9.5,3.7,12.1,1.2,74.3126,6.0564,16.0808,2.9586,0.5917,48.2156,0,8.629091074,17.03028933,51.19854824,0,0,3.252621788,0,0.496560952,0.433907358,22.11089509,0.256186674,1314.359534,19.34188059,78.5285442,3.024162929,6.519480524,0.120396131,1646.340593,21.34563979,89.68339427,2.954679207,1523.178623,93.29358968,6.620030825,1222.345885,87.57567613,21.32082386
75,5.7,6.6,0.6,15.6,6.4,3.6,17.1,0.1,82.4,0,0.6,72,0.3,3,14.7,18.7,5.9,8,3.2,3,9.3,4.8,14.2,1.5,79.9033,6.4841,13.6126,0,0,47.5197,3.120789457,19.76634114,7.939658541,1.56399901,0,0.239902996,1.337005906,0,0.856182562,0.761986758,24.62098196,0.12889047,973.4998735,9.757811986,84.67342082,1.517928474,5.293062193,0.06073881,1258.709147,10.76689871,105.8894223,1.486016144,1175.78,93.42,5.17,911.63,74.09,24.14
76,12,3.4,5.5,9.1,5.1,1.8,58.6,5.3,95.4,0,7.5,88.9,0,2.6,9.5,14.6,3.5,7.6,2.4,2.3,9.4,4.4,11.4,1.2,78.369,3.179,17.8991,0.5529,0,45.9568,0,2.423378232,7.031666806,38.31939729,0,1.53973766,0.696466711,0.274142246,0.712460597,2.554785715,21.83306217,0.310482263,1280.544517,23.39952105,72.08744641,3.670265583,6.316750706,0.145653458,1616.765629,25.82655211,90.17294641,3.581656889,1803.653503,106.0988223,6.729993754,1421.708788,72.15092244,24.2598043
77,7.7,4.5,1.5,13.7,7.7,1.3,17.4,0.3,79,0,0.4,82.1,0.3,4.3,14.4,18.6,6,7.9,3.3,2.9,8.9,4.8,14,1.5,69.1838,4.3862,21.9308,2.7357,1.7635,52.7383,12.18607014,34.97271575,28.54800413,3.886057972,0.420894309,0.751822094,7.907719379,8.361350086,0,0.534432676,24.21665329,0.132148339,927.9324756,9.651354924,69.57555263,1.59737221,5.31555767,0.060076154,1166.744727,10.67495739,89.07811704,1.529842756,1183.662389,91.8210638,5.284732826,932.2135573,72.27868602,24.22788046
79,13.8,7.3,1.9,21.4,7.6,4.1,11.1,0,76.6,0,4.9,69.8,0,1.1,17.1,21.9,6.9,8,4.2,3.6,9.5,5.9,14.9,2,70.1771,6.2908,22.274,0,1.2582,47.9562,5.734332439,34.10209739,11.34758122,22.43874184,0,7.100703315,1.882543748,0,1.983173621,11.05033802,25.38186702,0.131113155,973.9492175,8.327974687,88.10525796,1.717611085,5.431209116,0.051838596,1186.656058,9.309882668,107.7008318,1.538702843,1175.780471,93.41990445,5.170006856,911.63123,74.08989176,24.14000525
81,10.3,3.9,4.9,13.8,9.5,2.1,28.1,2.5,85.9,0,5.8,83.8,2.3,2.3,13.8,18.6,5.4,7.9,3.3,3.1,10,5.2,14.6,1.5,74.2639,6.7462,17.8904,1.0995,0,52.8086,1.788624722,47.88605297,44.67121986,6.965815482,0.161617542,0.74298493,4.10332896,0,0.378692825,0.223517563,22.5208265,0.339619343,909.774965,25.77688065,61.61238093,3.99126958,5.133859907,0.160451652,1127.024457,28.43803587,77.42507107,3.914336663,1208.07,86.87,5.64,995.95,66.67,24.5
83,25.4,12.2,10.5,12.4,17.5,6.6,57,7.5,86.8,0,4.7,91.8,0.1,13.5,14.8,22,4.8,8.6,4.1,4.1,14.4,7.8,17.8,2.1,56.3006,13.1863,28.9829,0,1.5302,48.9854,0.428384386,17.02065032,7.864606382,30.85904276,0,1.045771639,5.238027673,1.121493787,0,0.077172323,23.19454847,0.145658596,860.6600252,10.28277176,86.49751364,1.796441322,5.821198407,0.064006492,1104.013334,11.4021092,118.5110578,1.691977897,1201.954499,88.11052438,5.550985273,979.9803793,68.07529632,24.43181851
87,5.1,1.8,3.6,11.6,3.7,1.4,27.6,2.9,84.4,0,4,84,0,3.3,11.8,16.4,4.7,7.6,2.7,2.5,9.7,4.4,13.8,1.3,68.6134,5.6015,22.9017,0.5877,2.2957,55.7751,1.309853078,19.03707602,16.30206531,11.64968924,0.364824841,0.977449981,2.165078553,0.436661948,0.866744707,0.539527847,22.08788262,0.353793152,975.2695623,26.80901343,61.7370826,4.163395214,5.288946881,0.166876301,1213.283997,29.57972403,78.72504218,4.078518826,1208.05222,86.86797443,5.639923807,995.934144,66.66964851,24.49946378
89,20,4.3,7.3,11.1,6.5,6.9,32.9,2.2,73,1.3,9,78.7,6.4,3.1,14.7,20.3,5.2,8.3,3.8,3.8,12.7,6.2,16.3,1.9,72.644,7.8582,13.9439,2.3929,3.161,56.1397,10.28200281,50.36512174,18.54948925,6.801099604,0,0,15.67016517,3.43226325,0,0,22.70133914,0.1494549,913.0508294,10.62973718,94.82373069,1.83704654,6.226223424,0.066166225,1191.762795,11.77953077,133.9198347,1.734984175,1208.07,86.87,5.64,995.95,66.67,24.5
91,13.3,3,6,6.2,10.5,1.6,30.7,1.5,91.5,0.7,1.9,81.7,1.7,2.4,12.8,18,4.7,8.1,3.1,3,10.7,5.1,14.8,1.5,70.808,5.1911,20.2433,0.5647,3.1929,56.1229,0.919915076,18.81095337,21.03999988,19.48081092,0,0,4.783035805,0,0.106452569,0.132984119,21.18901581,0.3008242,959.5424695,22.7349411,78.03041494,3.548109222,5.770724473,0.141516691,1220.949849,25.08864033,103.3338457,3.469060963,1424.439527,93.85438329,6.03593032,1150.620467,68.66058117,24.4122551
93,11.9,4.9,8.3,22.7,9.4,3.5,44.8,8.4,91.1,0,2.8,75.8,0.2,3.2,19.9,26.4,7.4,8.2,5.5,4.8,11.7,8.3,17.2,2.6,55.2466,18.4036,19.2825,1.1121,5.9552,47.9806,1.942367385,49.74412735,9.894842347,0.077455173,0,0,2.949796049,2.157529207,0,0,18.99295103,0.056064928,299.7735497,4.124012745,174.7330328,0.679279047,6.670317245,0.025670471,506.9759017,4.557694554,226.1316018,0.648996621,1425.179871,93.87977639,6.037330019,1151.152938,68.66758578,24.41251449
95,15.2,9.2,3.6,7.7,2.7,1.3,28.7,1,81.5,0,5.4,77.8,29.9,4.8,9.3,13.2,3.1,9.3,2.1,2.7,11.2,3.6,13,1.1,67.8169,7.8873,21.7606,0.6338,1.9014,40.2146,0,6.356066766,14.06822441,34.44262121,1.398005048,0,14.61937642,0,2.814240399,0.460779548,21.84269509,0.268435498,1154.030266,20.26952244,75.81498869,3.168325393,6.15575858,0.126170362,1469.976801,22.36920252,102.3748631,3.095888934,1803.643706,106.0985212,6.729932937,1421.699839,72.14967654,24.25977479
97,19.9,5.9,11.9,34.3,16.1,4.1,49.8,8.4,98.2,0,1.7,83.7,0.6,5.8,23.2,32.1,8.3,8.4,7.4,6.2,12.8,11.6,18.4,3.7,55.3266,14.2691,25.8165,0,4.5879,52.7291,0,32.78922553,3.208583348,0.078672925,0,0,19.33468867,7.043801978,0,0.32905426,22.1742115,0.038175167,875.0049627,2.816067964,114.5815019,0.455608139,6.801403271,0.017528993,1178.447012,3.114062802,159.7143176,0.441147923,1803.67,106.1,6.73,1421.72,72.15,24.26
99,8.1,4.6,5.5,3.6,3.5,3.2,39.5,4.9,97.7,0,3.7,85.7,0.1,6.1,10.2,14.8,3.6,8,2,2.3,10.6,3.9,15.1,1.1,71.7351,5.8145,20.7199,0.2307,1.4998,55.2006,0.004011708,2.207663127,10.17009583,14.25057464,2.29885426,13.58081332,8.500070352,2.827178226,2.693756329,10.14892039,-4.082329184,0.62107775,-5315.035842,41.97339055,671.5060387,7.699424268,9.001672055,0.261269001,-5879.708016,46.75963431,854.4844981,7.229184069,1648.565067,95.25199895,6.365176619,1318.633808,67.19115036,24.60502249
101,15.6,6.6,5.4,6.8,5.9,2.7,52.8,7.1,98.9,0,4.8,90,6,4.4,11.3,19,4,7.5,3,2.7,10.7,5.7,14.4,1.6,76.313,8.3601,12.433,1.5005,1.3934,58.6803,0,0,4.346885597,20.14389289,0,11.08683563,2.611047727,0,1.171708548,0,28.77876662,0.228382966,2687.817359,16.94562712,-29.97514114,2.721494322,6.20621897,0.10548033,3214.617539,18.72655139,-32.99200695,2.638321855,1803.67,106.1,6.73,1421.72,72.15,24.26
103,13.3,0.3,1.6,3.7,4.4,1.7,46.7,0.9,90.6,0,8.9,86.4,0.4,2.9,9.4,14,3.6,7.5,2.1,2.1,9.3,3.8,12.3,1.1,71.6767,3.1396,22.9125,0,2.2712,53.5678,0.107826092,3.727645757,6.257430669,11.15867309,0,1.251747674,16.91462032,0,3.700278704,3.644548209,21.92174624,0.063083997,875.6647063,4.542990034,144.3945638,0.769976932,7.302600471,0.028278451,1209.82595,5.029696185,192.3172354,0.731437021,1803.67,106.1,6.73,1421.72,72.15,24.26
317.03,3.4,3.1,2.2,5.9,2.9,4.1,33,1.1,99.5,0,7.7,69.6,0,1.4,11.6,15.4,4.7,7.6,2.4,2.3,9.2,3.8,13.1,1.2,75.1295,4.525,20.3454,0,0,48.3998,0,3.428058375,5.519353913,25.04045261,0,0.094902549,3.608508252,0.062903135,0,0,27.21795068,0.0095293,1094.274444,0.639240713,207.4924316,0.121685135,8.719015124,0.00397904,1322.744721,0.711351487,238.4652695,0.111311619,1255.961095,193.2491048,8.152858527,1005.496457,167.4837864,25.73278918
317.04,3.5,3.3,1.4,8.9,3.7,3.1,30.8,1.1,99.7,0,7.9,76.3,0,3.6,11.9,16.5,4.8,7.2,2.5,2.2,7.9,4.6,12.5,1.2,76.2924,4.2324,17.6167,1.5149,0.3436,47.8626,0,3.952011862,28.0940665,5.573338729,0,0,3.985598428,0.112680946,0,0,17.19266944,0.0181077,411.7028217,1.355365409,-10.80088297,0.215260376,4.646269131,0.008436654,584.8906955,1.496585737,-13.61543619,0.209063415,691.2386645,3.01232059,4.958033812,485.2770435,3.01232059,17.75826153
