boro_code,boro_ct201,boro_name,cdeligibil,ct2010,ctlabel,ntacode,ntaname,puma,shape_area,shape_leng,area,overlabel,overmodzct,overpop_es,overzcta,overarea,overmodztc,piecearea,pieceofct,perc_ct,aug6_COVID_CASE_RATE,aug6_COVID_DEATH_RATE,aug6_PERCENT_POSITIVE,may18_COVID_CASE_RATE,may18_COVID_DEATH_RATE,may18_PERCENT_POSITIVE
"1","1003001",Manhattan,E,"003001","30.01",MN27,Chinatown,"3809",1344750.5394099999684840440750122070313,4758.4608067400004074443131685256958,124932.091777216293849,"10002","10002",74993.0000000000000000000000000000000,"10002","2280934",Chinatown/Lower East Side,124901.3476000000,0.9997539120,99.9753912800,"1637.67","208.45","9.6","1270.27","179.79","33.8"
"1","1003001",Manhattan,E,"003001","30.01",MN27,Chinatown,"3809",1344750.5394099999684840440750122070313,4758.4608067400004074443131685256958,124932.091777216293849,"10003","10003",54682.0000000000000000000000000000000,"10003","1498072",East Village/Gramercy/Greenwich Village,0.0842095210,0.0000006740,0.0000674040,"959.08","63.2","5.08","799.23","55.76","22.14"
"1","1003001",Manhattan,E,"003001","30.01",MN27,Chinatown,"3809",1344750.5394099999684840440750122070313,4758.4608067400004074443131685256958,124932.091777216293849,"10009","10009",57925.0000000000000000000000000000000,"10009","1571306",Alphabet City/East Village/Stuyvesant Town-Cooper Village,30.6604697800,0.0002454170,0.0245417080,"1371.96","117.45","6.89","1118.34","107.24","25.85"
"1","1001402",Manhattan,E,"001402","14.02",MN28,Lower East Side,"3809",1226206.0835299999453127384185791015625,4459.1562535399998523644171655178070,113918.788456383277662,"10002","10002",74993.0000000000000000000000000000000,"10002","2280934",Chinatown/Lower East Side,113918.7884000000,0.9999999990,99.9999999500,"1637.67","208.45","9.6","1270.27","179.79","33.8"
"1","1002202",Manhattan,I,"002202","22.02",MN28,Lower East Side,"3809",603922.1985550000099465250968933105469,3817.3912604299998747592326253652573,56106.343579173990292,"10009","10009",57925.0000000000000000000000000000000,"10009","1571306",Alphabet City/East Village/Stuyvesant Town-Cooper Village,56086.8644500000,0.9996528170,99.9652817700,"1371.96","117.45","6.89","1118.34","107.24","25.85"
"1","1002201",Manhattan,E,"002201","22.01",MN28,Lower East Side,"3809",1740173.8306400000583380460739135742188,5779.0624663899998267879709601402283,161668.241974569973536,"10002","10002",74993.0000000000000000000000000000000,"10002","2280934",Chinatown/Lower East Side,161643.7070000000,0.9998482380,99.9848238700,"1637.67","208.45","9.6","1270.27","179.79","33.8"
"1","1002201",Manhattan,E,"002201","22.01",MN28,Lower East Side,"3809",1740173.8306400000583380460739135742188,5779.0624663899998267879709601402283,161668.241974569973536,"10009","10009",57925.0000000000000000000000000000000,"10009","1571306",Alphabet City/East Village/Stuyvesant Town-Cooper Village,24.5433243600,0.0001518120,0.0151812890,"1371.96","117.45","6.89","1118.34","107.24","25.85"
"1","1003601",Manhattan,E,"003601","36.01",MN27,Chinatown,"3809",1068027.1780999999027699232101440429688,4185.5921642100001918151974678039551,99223.510338174673961,"10002","10002",74993.0000000000000000000000000000000,"10002","2280934",Chinatown/Lower East Side,99192.4426800000,0.9996868920,99.9686892100,"1637.67","208.45","9.6","1270.27","179.79","33.8"
"1","1003601",Manhattan,E,"003601","36.01",MN27,Chinatown,"3809",1068027.1780999999027699232101440429688,4185.5921642100001918151974678039551,99223.510338174673961,"10003","10003",54682.0000000000000000000000000000000,"10003","1498072",East Village/Gramercy/Greenwich Village,31.0395763800,0.0003128240,0.0312824810,"959.08","63.2","5.08","799.23","55.76","22.14"
"1","1003002",Manhattan,E,"003002","30.02",MN22,East Village,"3809",841097.7841509999707341194152832031250,4045.1662923099997897224966436624527,78140.848365197263774,"10002","10002",74993.0000000000000000000000000000000,"10002","2280934",Chinatown/Lower East Side,28.0566401900,0.0003590520,0.0359052150,"1637.67","208.45","9.6","1270.27","179.79","33.8"
"1","1003002",Manhattan,E,"003002","30.02",MN22,East Village,"3809",841097.7841509999707341194152832031250,4045.1662923099997897224966436624527,78140.848365197263774,"10003","10003",54682.0000000000000000000000000000000,"10003","1498072",East Village/Gramercy/Greenwich Village,18.2833030900,0.0002339780,0.0233978810,"959.08","63.2","5.08","799.23","55.76","22.14"
"1","1003002",Manhattan,E,"003002","30.02",MN22,East Village,"3809",841097.7841509999707341194152832031250,4045.1662923099997897224966436624527,78140.848365197263774,"10009","10009",57925.0000000000000000000000000000000,"10009","1571306",Alphabet City/East Village/Stuyvesant Town-Cooper Village,78094.5103700000,0.9994069940,99.9406993900,"1371.96","117.45","6.89","1118.34","107.24","25.85"
"1","1003602",Manhattan,I,"003602","36.02",MN22,East Village,"3809",961070.4806259999750182032585144042969,4076.2498779399998056760523468255997,89286.645196454221150,"10003","10003",54682.0000000000000000000000000000000,"10003","1498072",East Village/Gramercy/Greenwich Village,89265.3783900000,0.9997618140,99.9761814200,"959.08","63.2","5.08","799.23","55.76","22.14"
"1","1003200",Manhattan,I,"003200","32",MN22,East Village,"3809",2335526.7167299999855458736419677734375,6358.4353889499998331302776932716370,216978.693309134396259,"10009","10009",57925.0000000000000000000000000000000,"10009","1571306",Alphabet City/East Village/Stuyvesant Town-Cooper Village,216936.6403000000,0.9998061880,99.9806188300,"1371.96","117.45","6.89","1118.34","107.24","25.85"
"1","1001800",Manhattan,I,"001800","18",MN27,Chinatown,"3809",2399274.6907500000670552253723144531250,6391.9218838300002971664071083068848,222901.050293372158194,"10002","10002",74993.0000000000000000000000000000000,"10002","2280934",Chinatown/Lower East Side,222878.8900000000,0.9999005820,99.9900582300,"1637.67","208.45","9.6","1270.27","179.79","33.8"
"1","1001600",Manhattan,I,"001600","16",MN27,Chinatown,"3809",2233319.5936500001698732376098632812500,6391.7883329599999342462979257106781,207483.056996098195668,"10002","10002",74993.0000000000000000000000000000000,"10002","2280934",Chinatown/Lower East Side,207428.3448000000,0.9997363050,99.9736305200,"1637.67","208.45","9.6","1270.27","179.79","33.8"
"1","1001600",Manhattan,I,"001600","16",MN27,Chinatown,"3809",2233319.5936500001698732376098632812500,6391.7883329599999342462979257106781,207483.056996098195668,"10013","10013",28709.0000000000000000000000000000000,"10013","1403711",Hudson Square/Little Italy/SoHo/TriBeCa,54.6873611300,0.0002635750,0.0263575060,"1071.27","72.34","4.91","850.81","62","22.46"
"1","1001600",Manhattan,I,"001600","16",MN27,Chinatown,"3809",2233319.5936500001698732376098632812500,6391.7883329599999342462979257106781,207483.056996098195668,"10038","10038",22800.0000000000000000000000000000000,"10038","715413",Chinatown/Financial District,0.0075517220,0.0000000360,0.0000036390,"1256.35","127","7.13","1056.79","113.39","26.81"
"1","1000800",Manhattan,E,"000800","8",MN27,Chinatown,"3809",2366871.3333499999716877937316894531250,6362.7857624099997337907552719116211,219890.579493061377434,"10002","10002",74993.0000000000000000000000000000000,"10002","2280934",Chinatown/Lower East Side,186478.4099000000,0.8480509270,84.8050927500,"1637.67","208.45","9.6","1270.27","179.79","33.8"
"1","1000800",Manhattan,E,"000800","8",MN27,Chinatown,"3809",2366871.3333499999716877937316894531250,6362.7857624099997337907552719116211,219890.579493061377434,"10038","10038",22800.0000000000000000000000000000000,"10038","715413",Chinatown/Financial District,33395.4566200000,0.1518730660,15.1873066500,"1256.35","127","7.13","1056.79","113.39","26.81"
"1","1000600",Manhattan,E,"000600","6",MN28,Lower East Side,"3809",2583417.6758699999190866947174072265625,6970.6346985099999074009247124195099,240008.637057514861226,"10002","10002",74993.0000000000000000000000000000000,"10002","2280934",Chinatown/Lower East Side,239983.0078000000,0.9998932150,99.9893215200,"1637.67","208.45","9.6","1270.27","179.79","33.8"
"1","1001401",Manhattan,I,"001401","14.01",MN28,Lower East Side,"3809",1006116.7143800000194460153579711914063,5075.3322686900000917376019060611725,93471.819699304876849,"10002","10002",74993.0000000000000000000000000000000,"10002","2280934",Chinatown/Lower East Side,93471.8196900000,0.9999999990,99.9999999900,"1637.67","208.45","9.6","1270.27","179.79","33.8"
"1","1002700",Manhattan,I,"002700","27",MN27,Chinatown,"3809",639299.1911850000033155083656311035156,3685.3159820999999283230863511562347,59395.004924648601445,"10038","10038",22800.0000000000000000000000000000000,"10038","715413",Chinatown/Financial District,59374.0088100000,0.9996465000,99.9646500300,"1256.35","127","7.13","1056.79","113.39","26.81"
"1","1002900",Manhattan,I,"002900","29",MN27,Chinatown,"3809",3010944.0126000000163912773132324218750,8978.4423343599992222152650356292725,279728.928227163502015,"10002","10002",74993.0000000000000000000000000000000,"10002","2280934",Chinatown/Lower East Side,19.3534619800,0.0000691860,0.0069186480,"1637.67","208.45","9.6","1270.27","179.79","33.8"
"1","1002900",Manhattan,I,"002900","29",MN27,Chinatown,"3809",3010944.0126000000163912773132324218750,8978.4423343599992222152650356292725,279728.928227163502015,"10013","10013",28709.0000000000000000000000000000000,"10013","1403711",Hudson Square/Little Italy/SoHo/TriBeCa,136788.3584000000,0.4890032620,48.9003262000,"1071.27","72.34","4.91","850.81","62","22.46"
"1","1002900",Manhattan,I,"002900","29",MN27,Chinatown,"3809",3010944.0126000000163912773132324218750,8978.4423343599992222152650356292725,279728.928227163502015,"10038","10038",22800.0000000000000000000000000000000,"10038","715413",Chinatown/Financial District,76158.0432700000,0.2722565860,27.2256586900,"1256.35","127","7.13","1056.79","113.39","26.81"
"1","1001800",Manhattan,I,"001800","18",MN27,Chinatown,"3809",2399274.6907500000670552253723144531250,6391.9218838300002971664071083068848,222901.050293372158194,"10013","10013",28709.0000000000000000000000000000000,"10013","1403711",Hudson Square/Little Italy/SoHo/TriBeCa,20.2053845700,0.0000906470,0.0090647320,"1071.27","72.34","4.91","850.81","62","22.46"
"1","1004100",Manhattan,E,"004100","41",MN24,SoHo-TriBeCa-Civic Center-Little Italy,"3810",2058614.1083700000308454036712646484375,5913.8706640500004141358658671379089,191252.458552261843579,"10002","10002",74993.0000000000000000000000000000000,"10002","2280934",Chinatown/Lower East Side,14.9929301200,0.0000783930,0.0078393390,"1637.67","208.45","9.6","1270.27","179.79","33.8"
"1","1004100",Manhattan,E,"004100","41",MN24,SoHo-TriBeCa-Civic Center-Little Italy,"3810",2058614.1083700000308454036712646484375,5913.8706640500004141358658671379089,191252.458552261843579,"10013","10013",28709.0000000000000000000000000000000,"10013","1403711",Hudson Square/Little Italy/SoHo/TriBeCa,147231.4372000000,0.7698276830,76.9827683800,"1071.27","72.34","4.91","850.81","62","22.46"
"1","1005501",Manhattan,I,"005501","55.01",MN23,West Village,"3810",1338496.8130300000775605440139770507813,4650.7671725399995921179652214050293,124351.062372946747928,"10003","10003",54682.0000000000000000000000000000000,"10003","1498072",East Village/Gramercy/Greenwich Village,52.3633116700,0.0004210920,0.0421092590,"959.08","63.2","5.08","799.23","55.76","22.14"
"1","1005501",Manhattan,I,"005501","55.01",MN23,West Village,"3810",1338496.8130300000775605440139770507813,4650.7671725399995921179652214050293,124351.062372946747928,"10012","10012",23411.0000000000000000000000000000000,"10012","835785",Greenwich Village/SoHo,124298.6997000000,0.9995789120,99.9578912500,"821.48","37.53","4.66","646.34","29.19","21.77"
"1","1004300",Manhattan,I,"004300","43",MN24,SoHo-TriBeCa-Civic Center-Little Italy,"3810",1605585.0793399999383836984634399414063,5090.4199372599996422650292515754700,149164.462684853468090,"10012","10012",23411.0000000000000000000000000000000,"10012","835785",Greenwich Village/SoHo,149121.3363000000,0.9997108800,99.9710880200,"821.48","37.53","4.66","646.34","29.19","21.77"
"1","1005900",Manhattan,I,"005900","59",MN23,West Village,"3810",1250316.2629800001159310340881347656250,5280.1024438399999780813232064247131,116158.752874992831494,"10003","10003",54682.0000000000000000000000000000000,"10003","1498072",East Village/Gramercy/Greenwich Village,116156.4219000000,0.9999799320,99.9979932800,"959.08","63.2","5.08","799.23","55.76","22.14"
"1","1005700",Manhattan,I,"005700","57",MN23,West Village,"3810",1159594.7236800000537186861038208007813,4761.9140842300002987030893564224243,107730.517488893048721,"10003","10003",54682.0000000000000000000000000000000,"10003","1498072",East Village/Gramercy/Greenwich Village,107730.5182000000,1.0000000060,100.0000006000,"959.08","63.2","5.08","799.23","55.76","22.14"
"1","1005502",Manhattan,I,"005502","55.02",MN23,West Village,"3810",1243017.2145000000018626451492309570313,4547.0158745099997759098187088966370,115480.659406631675665,"10003","10003",54682.0000000000000000000000000000000,"10003","1498072",East Village/Gramercy/Greenwich Village,13251.5249700000,0.1147510330,11.4751033100,"959.08","63.2","5.08","799.23","55.76","22.14"
"1","1005502",Manhattan,I,"005502","55.02",MN23,West Village,"3810",1243017.2145000000018626451492309570313,4547.0158745099997759098187088966370,115480.659406631675665,"10012","10012",23411.0000000000000000000000000000000,"10012","835785",Greenwich Village/SoHo,102229.0986000000,0.8852486560,88.5248656500,"821.48","37.53","4.66","646.34","29.19","21.77"
"1","1004700",Manhattan,I,"004700","47",MN24,SoHo-TriBeCa-Civic Center-Little Italy,"3810",1780551.0581900000106543302536010742188,5987.2094221300003482610918581485748,165419.756817028770456,"10012","10012",23411.0000000000000000000000000000000,"10012","835785",Greenwich Village/SoHo,42687.1918700000,0.2580537690,25.8053769900,"821.48","37.53","4.66","646.34","29.19","21.77"
"1","1004900",Manhattan,I,"004900","49",MN24,SoHo-TriBeCa-Civic Center-Little Italy,"3810",2226124.3105600001290440559387207031250,6676.6060651099996903212741017341614,206815.088139258878073,"10012","10012",23411.0000000000000000000000000000000,"10012","835785",Greenwich Village/SoHo,205857.1877000000,0.9953683240,99.5368324100,"821.48","37.53","4.66","646.34","29.19","21.77"
"1","1006500",Manhattan,I,"006500","65",MN23,West Village,"3810",2167367.1069800001569092273712158203125,6351.1819821700000829878263175487518,201356.237199358205544,"10003","10003",54682.0000000000000000000000000000000,"10003","1498072",East Village/Gramercy/Greenwich Village,47224.1624300000,0.2345304170,23.4530417700,"959.08","63.2","5.08","799.23","55.76","22.14"
"1","1006500",Manhattan,I,"006500","65",MN23,West Village,"3810",2167367.1069800001569092273712158203125,6351.1819821700000829878263175487518,201356.237199358205544,"10012","10012",23411.0000000000000000000000000000000,"10012","835785",Greenwich Village/SoHo,132234.2501000000,0.6567179240,65.6717924100,"821.48","37.53","4.66","646.34","29.19","21.77"
"1","1001200",Manhattan,E,"001200","12",MN28,Lower East Side,"3809",1298211.2615900000091642141342163085938,5462.9242512999999235034920275211334,120608.330717807664769,"10002","10002",74993.0000000000000000000000000000000,"10002","2280934",Chinatown/Lower East Side,120608.3307000000,0.9999999990,99.9999999800,"1637.67","208.45","9.6","1270.27","179.79","33.8"
"1","1007000",Manhattan,I,"007000","70",MN20,Murray Hill-Kips Bay,"3808",1908709.2195999999530613422393798828125,5538.1035520499999620369635522365570,177326.104591532232007,"10010","10010",33730.0000000000000000000000000000000,"10010","977409",Flatiron/Gramercy/Kips Bay,12.9993020000,0.0000733070,0.0073307320,"960.71","58.69","4.58","775.36","61.78","17.04"
"1","1007000",Manhattan,I,"007000","70",MN20,Murray Hill-Kips Bay,"3808",1908709.2195999999530613422393798828125,5538.1035520499999620369635522365570,177326.104591532232007,"10016","10016",51057.0000000000000000000000000000000,"10016","1378972",Kips Bay/Murray Hill/NoMad,177313.1169000000,0.9999267580,99.9926758100,"1523.1","93.29","6.62","1222.29","87.58","21.32"
"1","1007200",Manhattan,I,"007200","72",MN20,Murray Hill-Kips Bay,"3808",1877428.8709700000472366809844970703125,5722.9438086999998631654307246208191,174420.027226649777731,"10016","10016",51057.0000000000000000000000000000000,"10016","1378972",Kips Bay/Murray Hill/NoMad,174420.0272000000,0.9999999990,99.9999999800,"1523.1","93.29","6.62","1222.29","87.58","21.32"
"1","1006600",Manhattan,I,"006600","66",MN20,Murray Hill-Kips Bay,"3808",1880520.9258300000801682472229003906250,5498.1467111900001327740028500556946,174707.141113164776471,"10010","10010",33730.0000000000000000000000000000000,"10010","977409",Flatiron/Gramercy/Kips Bay,69911.5774000000,0.4001643940,40.0164394800,"960.71","58.69","4.58","775.36","61.78","17.04"
"1","1006600",Manhattan,I,"006600","66",MN20,Murray Hill-Kips Bay,"3808",1880520.9258300000801682472229003906250,5498.1467111900001327740028500556946,174707.141113164776471,"10016","10016",51057.0000000000000000000000000000000,"10016","1378972",Kips Bay/Murray Hill/NoMad,104795.5403000000,0.5998354710,59.9835471100,"1523.1","93.29","6.62","1222.29","87.58","21.32"
"1","1006200",Manhattan,I,"006200","62",MN20,Murray Hill-Kips Bay,"3808",3194410.0854299999773502349853515625000,13288.7810805000008258502930402755737,296772.379098317236640,"10010","10010",33730.0000000000000000000000000000000,"10010","977409",Flatiron/Gramercy/Kips Bay,175837.3974000000,0.5924992000,59.2499200600,"960.71","58.69","4.58","775.36","61.78","17.04"
"1","1006200",Manhattan,I,"006200","62",MN20,Murray Hill-Kips Bay,"3808",3194410.0854299999773502349853515625000,13288.7810805000008258502930402755737,296772.379098317236640,"10016","10016",51057.0000000000000000000000000000000,"10016","1378972",Kips Bay/Murray Hill/NoMad,110657.0682000000,0.3728684870,37.2868487700,"1523.1","93.29","6.62","1222.29","87.58","21.32"
"1","1006200",Manhattan,I,"006200","62",MN20,Murray Hill-Kips Bay,"3808",3194410.0854299999773502349853515625000,13288.7810805000008258502930402755737,296772.379098317236640,"10010","10010",,,,,10277.3986900000,0.0346305760,3.4630576870,"960.71","58.69","4.58","775.36","61.78","17.04"
"1","1001001",Manhattan,I,"001001","10.01",MN28,Lower East Side,"3809",867805.8550459999823942780494689941406,3924.7865926800000124785583466291428,80622.219650119484868,"10002","10002",74993.0000000000000000000000000000000,"10002","2280934",Chinatown/Lower East Side,80617.1822800000,0.9999375180,99.9937518800,"1637.67","208.45","9.6","1270.27","179.79","33.8"
"1","1001002",Manhattan,E,"001002","10.02",MN28,Lower East Side,"3809",2225720.2383400001563131809234619140625,6315.1220787299998846719972789287567,206750.408401729073375,"10002","10002",74993.0000000000000000000000000000000,"10002","2280934",Chinatown/Lower East Side,206720.7895000000,0.9998567400,99.9856740700,"1637.67","208.45","9.6","1270.27","179.79","33.8"
"1","1000202",Manhattan,E,"000202","2.02",MN28,Lower East Side,"3809",3315114.0548299998044967651367187500000,8568.0892352800001390278339385986328,307985.645470750052482,"10002","10002",74993.0000000000000000000000000000000,"10002","2280934",Chinatown/Lower East Side,306434.7654000000,0.9949644400,99.4964440400,"1637.67","208.45","9.6","1270.27","179.79","33.8"
"1","1000201",Manhattan,E,"000201","2.01",MN28,Lower East Side,"3809",971599.3959530000574886798858642578125,4748.3259598599997843848541378974915,90264.922432503386517,"10002","10002",74993.0000000000000000000000000000000,"10002","2280934",Chinatown/Lower East Side,90264.9224300000,1.0000000000,99.9999999900,"1637.67","208.45","9.6","1270.27","179.79","33.8"
"1","1007400",Manhattan,I,"007400","74",MN17,Midtown-Midtown South,"3807",1879420.3381199999712407588958740234375,5726.1574022799995873356238007545471,174605.061729037406622,"10016","10016",51057.0000000000000000000000000000000,"10016","1378972",Kips Bay/Murray Hill/NoMad,174556.1426000000,0.9997198290,99.9719829800,"1523.1","93.29","6.62","1222.29","87.58","21.32"
"1","1006800",Manhattan,I,"006800","68",MN21,Gramercy,"3808",1877721.0406899999361485242843627929688,5723.8908705399999234941788017749786,174447.050547646067571,"10010","10010",33730.0000000000000000000000000000000,"10010","977409",Flatiron/Gramercy/Kips Bay,125718.2179000000,0.7206669150,72.0666915800,"960.71","58.69","4.58","775.36","61.78","17.04"
"1","1006800",Manhattan,I,"006800","68",MN21,Gramercy,"3808",1877721.0406899999361485242843627929688,5723.8908705399999234941788017749786,174447.050547646067571,"10016","10016",51057.0000000000000000000000000000000,"10016","1378972",Kips Bay/Murray Hill/NoMad,48714.4442400000,0.2792506040,27.9250604000,"1523.1","93.29","6.62","1222.29","87.58","21.32"
"1","1005600",Manhattan,I,"005600","56",MN13,Hudson Yards-Chelsea-Flatiron-Union Square,"3807",1878253.7853200000245124101638793945313,5723.8407864900000276975333690643311,174496.686959785700310,"10016","10016",51057.0000000000000000000000000000000,"10016","1378972",Kips Bay/Murray Hill/NoMad,24358.1493000000,0.1395908980,13.9590898300,"1523.1","93.29","6.62","1222.29","87.58","21.32"
"1","1007400",Manhattan,I,"007400","74",MN17,Midtown-Midtown South,"3807",1879420.3381199999712407588958740234375,5726.1574022799995873356238007545471,174605.061729037406622,"10001, 10118","10001",23072.0000000000000000000000000000000,"10001, 10119, 10199","1712835",Chelsea/NoMad/West Chelsea,48.9286642900,0.0002802240,0.0280224770,"1803.67","106.1","6.73","1421.72","72.15","24.26"
"1","1007600",Manhattan,I,"007600","76",MN17,Midtown-Midtown South,"3807",1873518.1977500000502914190292358398438,5717.6335102000002734712325036525726,174056.570679242082406,"10001, 10118","10001",23072.0000000000000000000000000000000,"10001, 10119, 10199","1712835",Chelsea/NoMad/West Chelsea,174043.1615000000,0.9999229600,99.9922960700,"1803.67","106.1","6.73","1421.72","72.15","24.26"
"1","1007600",Manhattan,I,"007600","76",MN17,Midtown-Midtown South,"3807",1873518.1977500000502914190292358398438,5717.6335102000002734712325036525726,174056.570679242082406,"10016","10016",51057.0000000000000000000000000000000,"10016","1378972",Kips Bay/Murray Hill/NoMad,12.5679949900,0.0000722060,0.0072206380,"1523.1","93.29","6.62","1222.29","87.58","21.32"
"1","1005600",Manhattan,I,"005600","56",MN13,Hudson Yards-Chelsea-Flatiron-Union Square,"3807",1878253.7853200000245124101638793945313,5723.8407864900000276975333690643311,174496.686959785700310,"10001, 10118","10001",23072.0000000000000000000000000000000,"10001, 10119, 10199","1712835",Chelsea/NoMad/West Chelsea,25.1058146600,0.0001438750,0.0143875590,"1803.67","106.1","6.73","1421.72","72.15","24.26"
"1","1005600",Manhattan,I,"005600","56",MN13,Hudson Yards-Chelsea-Flatiron-Union Square,"3807",1878253.7853200000245124101638793945313,5723.8407864900000276975333690643311,174496.686959785700310,"10010","10010",33730.0000000000000000000000000000000,"10010","977409",Flatiron/Gramercy/Kips Bay,150113.4050000000,0.8602650720,86.0265072100,"960.71","58.69","4.58","775.36","61.78","17.04"
"1","1005800",Manhattan,I,"005800","58",MN13,Hudson Yards-Chelsea-Flatiron-Union Square,"3807",1879679.0285100000910460948944091796875,5720.5739273899998806882649660110474,174629.294103084946983,"10001, 10118","10001",23072.0000000000000000000000000000000,"10001, 10119, 10199","1712835",Chelsea/NoMad/West Chelsea,31735.8292100000,0.1817325630,18.1732563100,"1803.67","106.1","6.73","1421.72","72.15","24.26"
"1","1002202",Manhattan,I,"002202","22.02",MN28,Lower East Side,"3809",603922.1985550000099465250968933105469,3817.3912604299998747592326253652573,56106.343579173990292,"10002","10002",74993.0000000000000000000000000000000,"10002","2280934",Chinatown/Lower East Side,19.4739207300,0.0003470890,0.0347089460,"1637.67","208.45","9.6","1270.27","179.79","33.8"
"1","1001002",Manhattan,E,"001002","10.02",MN28,Lower East Side,"3809",2225720.2383400001563131809234619140625,6315.1220787299998846719972789287567,206750.408401729073375,"10009","10009",57925.0000000000000000000000000000000,"10009","1571306",Alphabet City/East Village/Stuyvesant Town-Cooper Village,7.1597389250,0.0000346290,0.0034629860,"1371.96","117.45","6.89","1118.34","107.24","25.85"
"1","1002000",Manhattan,E,"002000","20",MN28,Lower East Side,"3809",1368855.7196400000248104333877563476563,4690.0727191899995887069962918758392,127154.541842227685265,"10002","10002",74993.0000000000000000000000000000000,"10002","2280934",Chinatown/Lower East Side,26102.0615600000,0.2052782470,20.5278247800,"1637.67","208.45","9.6","1270.27","179.79","33.8"
"1","1002000",Manhattan,E,"002000","20",MN28,Lower East Side,"3809",1368855.7196400000248104333877563476563,4690.0727191899995887069962918758392,127154.541842227685265,"10009","10009",57925.0000000000000000000000000000000,"10009","1571306",Alphabet City/East Village/Stuyvesant Town-Cooper Village,101043.6840000000,0.7946525740,79.4652574200,"1371.96","117.45","6.89","1118.34","107.24","25.85"
"1","1002601",Manhattan,E,"002601","26.01",MN28,Lower East Side,"3809",1141217.4972699999343603849411010742188,4521.2509956900003089685924351215363,106023.295807272763341,"10009","10009",57925.0000000000000000000000000000000,"10009","1571306",Alphabet City/East Village/Stuyvesant Town-Cooper Village,106023.2958000000,0.9999999990,99.9999999900,"1371.96","117.45","6.89","1118.34","107.24","25.85"
"1","1002602",Manhattan,I,"002602","26.02",MN28,Lower East Side,"3809",1114857.2765699999872595071792602539063,4491.2037195299999439157545566558838,103574.071809801142081,"10009","10009",57925.0000000000000000000000000000000,"10009","1571306",Alphabet City/East Village/Stuyvesant Town-Cooper Village,103574.0718000000,0.9999999990,99.9999999900,"1371.96","117.45","6.89","1118.34","107.24","25.85"
"1","1003100",Manhattan,I,"003100","31",MN24,SoHo-TriBeCa-Civic Center-Little Italy,"3810",2208671.9292999999597668647766113281250,7779.9039226300001246272586286067963,205193.604184131312650,"10007","10007",7023.0000000000000000000000000000000,"10007, 10278, 10279","470222",TriBeCa,116695.5652000000,0.5687095640,56.8709564100,"848.51","36.36","4.14","606.08","36.36","16.18"
"1","1003100",Manhattan,I,"003100","31",MN24,SoHo-TriBeCa-Civic Center-Little Italy,"3810",2208671.9292999999597668647766113281250,7779.9039226300001246272586286067963,205193.604184131312650,"10013","10013",28709.0000000000000000000000000000000,"10013","1403711",Hudson Square/Little Italy/SoHo/TriBeCa,88489.5151100000,0.4312488950,43.1248895200,"1071.27","72.34","4.91","850.81","62","22.46"
"1","1003100",Manhattan,I,"003100","31",MN24,SoHo-TriBeCa-Civic Center-Little Italy,"3810",2208671.9292999999597668647766113281250,7779.9039226300001246272586286067963,205193.604184131312650,"10038","10038",22800.0000000000000000000000000000000,"10038","715413",Chinatown/Financial District,8.5112265830,0.0000414790,0.0041479000,"1256.35","127","7.13","1056.79","113.39","26.81"
"1","1002100",Manhattan,I,"002100","21",MN24,SoHo-TriBeCa-Civic Center-Little Italy,"3810",2618005.6706500002183020114898681640625,6824.3535548399995604995638132095337,243222.112501555937342,"10007","10007",7023.0000000000000000000000000000000,"10007, 10278, 10279","470222",TriBeCa,222931.6898000000,0.9165765700,91.6576570700,"848.51","36.36","4.14","606.08","36.36","16.18"
"1","1002100",Manhattan,I,"002100","21",MN24,SoHo-TriBeCa-Civic Center-Little Italy,"3810",2618005.6706500002183020114898681640625,6824.3535548399995604995638132095337,243222.112501555937342,"10013","10013",28709.0000000000000000000000000000000,"10013","1403711",Hudson Square/Little Italy/SoHo/TriBeCa,20254.5967700000,0.0832761320,8.3276132090,"1071.27","72.34","4.91","850.81","62","22.46"
"1","1002500",Manhattan,E,"002500","25",MN27,Chinatown,"3809",1439387.8241000000853091478347778320313,4763.7027038599999286816455423831940,133724.108073414390674,"10038","10038",22800.0000000000000000000000000000000,"10038","715413",Chinatown/Financial District,133700.6587000000,0.9998246430,99.9824643600,"1256.35","127","7.13","1056.79","113.39","26.81"
"1","1001300",Manhattan,I,"001300","13",MN25,Battery Park City-Lower Manhattan,"3810",3516583.0059699998237192630767822265625,8906.3144026499994652112945914268494,326705.447838642925490,"10007","10007",7023.0000000000000000000000000000000,"10007, 10278, 10279","470222",TriBeCa,28547.4246600000,0.0873797020,8.7379701950,"848.51","36.36","4.14","606.08","36.36","16.18"
"1","1004500",Manhattan,I,"004500","45",MN24,SoHo-TriBeCa-Civic Center-Little Italy,"3810",1129524.3969600000418722629547119140625,4604.7425259700003152829594910144806,104936.790528494879254,"10013","10013",28709.0000000000000000000000000000000,"10013","1403711",Hudson Square/Little Italy/SoHo/TriBeCa,73825.2554400000,0.7035211870,70.3521187000,"1071.27","72.34","4.91","850.81","62","22.46"
"1","1002900",Manhattan,I,"002900","29",MN27,Chinatown,"3809",3010944.0126000000163912773132324218750,8978.4423343599992222152650356292725,279728.928227163502015,"10007","10007",7023.0000000000000000000000000000000,"10007, 10278, 10279","470222",TriBeCa,66763.1907200000,0.2386710270,23.8671027400,"848.51","36.36","4.14","606.08","36.36","16.18"
"1","1003300",Manhattan,I,"003300","33",MN24,SoHo-TriBeCa-Civic Center-Little Italy,"3810",3677727.5130799999460577964782714843750,8170.7561327499997787526808679103851,341674.269868590228725,"10007","10007",7023.0000000000000000000000000000000,"10007, 10278, 10279","470222",TriBeCa,35239.7562900000,0.1031384540,10.3138454900,"848.51","36.36","4.14","606.08","36.36","16.18"
"1","1003300",Manhattan,I,"003300","33",MN24,SoHo-TriBeCa-Civic Center-Little Italy,"3810",3677727.5130799999460577964782714843750,8170.7561327499997787526808679103851,341674.269868590228725,"10013","10013",28709.0000000000000000000000000000000,"10013","1403711",Hudson Square/Little Italy/SoHo/TriBeCa,306434.5117000000,0.8968615390,89.6861539500,"1071.27","72.34","4.91","850.81","62","22.46"
"1","1003900",Manhattan,I,"003900","39",MN24,SoHo-TriBeCa-Civic Center-Little Italy,"3810",3618081.5463999998755753040313720703125,12677.5668865999996341997757554054260,336133.205085058114491,"10013","10013",28709.0000000000000000000000000000000,"10013","1403711",Hudson Square/Little Italy/SoHo/TriBeCa,309445.8875000000,0.9206049350,92.0604935200,"1071.27","72.34","4.91","850.81","62","22.46"
"1","1004700",Manhattan,I,"004700","47",MN24,SoHo-TriBeCa-Civic Center-Little Italy,"3810",1780551.0581900000106543302536010742188,5987.2094221300003482610918581485748,165419.756817028770456,"10013","10013",28709.0000000000000000000000000000000,"10013","1403711",Hudson Square/Little Italy/SoHo/TriBeCa,122732.3895000000,0.7419451690,74.1945169400,"1071.27","72.34","4.91","850.81","62","22.46"
"1","1001501",Manhattan,I,"001501","15.01",MN25,Battery Park City-Lower Manhattan,"3810",2814943.5453699999488890171051025390625,9130.6521794100008264649659395217896,261514.819994457531720,"10007","10007",7023.0000000000000000000000000000000,"10007, 10278, 10279","470222",TriBeCa,16.5781657700,0.0000633920,0.0063392830,"848.51","36.36","4.14","606.08","36.36","16.18"
"1","1001501",Manhattan,I,"001501","15.01",MN25,Battery Park City-Lower Manhattan,"3810",2814943.5453699999488890171051025390625,9130.6521794100008264649659395217896,261514.819994457531720,"10038","10038",22800.0000000000000000000000000000000,"10038","715413",Chinatown/Financial District,237506.8394000000,0.9081964810,90.8196481500,"1256.35","127","7.13","1056.79","113.39","26.81"
"1","1008900",Manhattan,I,"008900","89",MN13,Hudson Yards-Chelsea-Flatiron-Union Square,"3807",1782674.2102799999993294477462768554688,5578.1409070199997586314566433429718,165617.225897731812438,"10011","10011",50472.0000000000000000000000000000000,"10011","1612579",Chelsea,165617.2258000000,0.9999999990,99.9999999400,"1208.07","86.87","5.64","995.95","66.67","24.5"
"1","1009300",Manhattan,E,"009300","93",MN13,Hudson Yards-Chelsea-Flatiron-Union Square,"3807",1929422.6325600000564008951187133789063,5740.2594514000002163811586797237396,179250.831304444436682,"10001, 10118","10001",23072.0000000000000000000000000000000,"10001, 10119, 10199","1712835",Chelsea/NoMad/West Chelsea,65341.0404500000,0.3645229420,36.4522942300,"1803.67","106.1","6.73","1421.72","72.15","24.26"
"1","1009300",Manhattan,E,"009300","93",MN13,Hudson Yards-Chelsea-Flatiron-Union Square,"3807",1929422.6325600000564008951187133789063,5740.2594514000002163811586797237396,179250.831304444436682,"10011","10011",50472.0000000000000000000000000000000,"10011","1612579",Chelsea,113909.7854000000,0.6354770270,63.5477027100,"1208.07","86.87","5.64","995.95","66.67","24.5"
"1","1008300",Manhattan,I,"008300","83",MN13,Hudson Yards-Chelsea-Flatiron-Union Square,"3807",1873011.4317000000737607479095458984375,5681.5142609799995625508017838001251,174009.590181058214512,"10011","10011",50472.0000000000000000000000000000000,"10011","1612579",Chelsea,141053.3951000000,0.8106070180,81.0607018500,"1208.07","86.87","5.64","995.95","66.67","24.5"
"1","1008300",Manhattan,I,"008300","83",MN13,Hudson Yards-Chelsea-Flatiron-Union Square,"3807",1873011.4317000000737607479095458984375,5681.5142609799995625508017838001251,174009.590181058214512,"10014","10014",30738.0000000000000000000000000000000,"10014","1307317",Hudson Square/Meatpacking District/West Village,32956.2066800000,0.1893930480,18.9393048000,"1175.78","93.42","5.17","911.63","74.09","24.14"
"1","1007900",Manhattan,I,"007900","79",MN23,West Village,"3810",2945317.8939399998635053634643554687500,10023.1934505000008357455953955650330,273629.842652643099427,"10011","10011",50472.0000000000000000000000000000000,"10011","1612579",Chelsea,3.9914911470,0.0000145870,0.0014587190,"1208.07","86.87","5.64","995.95","66.67","24.5"
"1","1007900",Manhattan,I,"007900","79",MN23,West Village,"3810",2945317.8939399998635053634643554687500,10023.1934505000008357455953955650330,273629.842652643099427,"10014","10014",30738.0000000000000000000000000000000,"10014","1307317",Hudson Square/Meatpacking District/West Village,262774.1260000000,0.9603270000,96.0327000300,"1175.78","93.42","5.17","911.63","74.09","24.14"
"1","1009900",Manhattan,I,"009900","99",MN13,Hudson Yards-Chelsea-Flatiron-Union Square,"3807",10754478.3181999996304512023925781250000,29604.5419992999995884019881486892700,999134.557365881977603,"10011","10011",50472.0000000000000000000000000000000,"10011","1612579",Chelsea,242675.7811000000,0.2428859850,24.2885984900,"1208.07","86.87","5.64","995.95","66.67","24.5"
"1","1008700",Manhattan,I,"008700","87",MN13,Hudson Yards-Chelsea-Flatiron-Union Square,"3807",1780834.1181199999991804361343383789063,5579.4806307099997866316698491573334,165446.119462149130413,"10011","10011",50472.0000000000000000000000000000000,"10011","1612579",Chelsea,165434.2237000000,0.9999280980,99.9928098800,"1208.07","86.87","5.64","995.95","66.67","24.5"
"1","1009100",Manhattan,I,"009100","91",MN13,Hudson Yards-Chelsea-Flatiron-Union Square,"3807",1927040.0515000000596046447753906250000,5743.3934988000000885222107172012329,179028.905992390937172,"10011","10011",50472.0000000000000000000000000000000,"10011","1612579",Chelsea,113972.6040000000,0.6366156530,63.6615653500,"1208.07","86.87","5.64","995.95","66.67","24.5"
"1","1008100",Manhattan,I,"008100","81",MN13,Hudson Yards-Chelsea-Flatiron-Union Square,"3807",1875912.5051200001034885644912719726563,5683.3934326899998268345370888710022,174279.188843270268990,"10011","10011",50472.0000000000000000000000000000000,"10011","1612579",Chelsea,174279.1888000000,0.9999999990,99.9999999700,"1208.07","86.87","5.64","995.95","66.67","24.5"
"1","1009900",Manhattan,I,"009900","99",MN13,Hudson Yards-Chelsea-Flatiron-Union Square,"3807",10754478.3181999996304512023925781250000,29604.5419992999995884019881486892700,999134.557365881977603,"10011","10011",,,,,115980.9610000000,0.1160814220,11.6081422800,"1208.07","86.87","5.64","995.95","66.67","24.5"
"1","1009500",Manhattan,I,"009500","95",MN17,Midtown-Midtown South,"3807",1851171.2892700000666081905364990234375,5658.9703251199998703668825328350067,171980.599967049260158,"10001, 10118","10001",23072.0000000000000000000000000000000,"10001, 10119, 10199","1712835",Chelsea/NoMad/West Chelsea,171975.2371000000,0.9999688170,99.9968817000,"1803.67","106.1","6.73","1421.72","72.15","24.26"
"1","1009900",Manhattan,I,"009900","99",MN13,Hudson Yards-Chelsea-Flatiron-Union Square,"3807",10754478.3181999996304512023925781250000,29604.5419992999995884019881486892700,999134.557365881977603,"10001, 10118","10001",23072.0000000000000000000000000000000,"10001, 10119, 10199","1712835",Chelsea/NoMad/West Chelsea,566982.6783000000,0.5674737940,56.7473794300,"1803.67","106.1","6.73","1421.72","72.15","24.26"
"1","1009100",Manhattan,I,"009100","91",MN13,Hudson Yards-Chelsea-Flatiron-Union Square,"3807",1927040.0515000000596046447753906250000,5743.3934988000000885222107172012329,179028.905992390937172,"10001, 10118","10001",23072.0000000000000000000000000000000,"10001, 10119, 10199","1712835",Chelsea/NoMad/West Chelsea,65043.0936800000,0.3633105680,36.3310568800,"1803.67","106.1","6.73","1421.72","72.15","24.26"
"1","1009700",Manhattan,I,"009700","97",MN13,Hudson Yards-Chelsea-Flatiron-Union Square,"3807",1860580.9204200000967830419540405273438,5655.1102734300002339296042919158936,172854.938330412696814,"10001, 10118","10001",23072.0000000000000000000000000000000,"10001, 10119, 10199","1712835",Chelsea/NoMad/West Chelsea,172854.9383000000,0.9999999990,99.9999999800,"1803.67","106.1","6.73","1421.72","72.15","24.26"
"1","1007500",Manhattan,I,"007500","75",MN23,West Village,"3810",1778285.5779500000644475221633911132813,7691.2614299599999867496080696582794,165210.646731318207458,"10014","10014",30738.0000000000000000000000000000000,"10014","1307317",Hudson Square/Meatpacking District/West Village,154258.3219000000,0.9337069060,93.3706906600,"1175.78","93.42","5.17","911.63","74.09","24.14"
"1","1006900",Manhattan,I,"006900","69",MN23,West Village,"3810",2350754.1368300002068281173706054687500,7535.3256152399999336921609938144684,218393.845547155244276,"10014","10014",30738.0000000000000000000000000000000,"10014","1307317",Hudson Square/Meatpacking District/West Village,156413.0585000000,0.7161971900,71.6197190000,"1175.78","93.42","5.17","911.63","74.09","24.14"
"1","1007700",Manhattan,I,"007700","77",MN23,West Village,"3810",1923495.9640999999828636646270751953125,5763.1636324700002660392783582210541,178699.734075937769376,"10014","10014",30738.0000000000000000000000000000000,"10014","1307317",Hudson Square/Meatpacking District/West Village,135076.9158000000,0.7558876150,75.5887615000,"1175.78","93.42","5.17","911.63","74.09","24.14"
"1","1006700",Manhattan,I,"006700","67",MN23,West Village,"3810",1812882.8509500001091510057449340820313,5458.8590508099996441160328686237335,168423.754020010353997,"10014","10014",30738.0000000000000000000000000000000,"10014","1307317",Hudson Square/Meatpacking District/West Village,168407.5706000000,0.9999039120,99.9903912400,"1175.78","93.42","5.17","911.63","74.09","24.14"
"1","1007300",Manhattan,I,"007300","73",MN23,West Village,"3810",1778588.0274400000926107168197631835938,5754.1343204000004334375262260437012,165237.347788350016344,"10014","10014",30738.0000000000000000000000000000000,"10014","1307317",Hudson Square/Meatpacking District/West Village,165237.3477000000,0.9999999990,99.9999999400,"1175.78","93.42","5.17","911.63","74.09","24.14"
"1","1007500",Manhattan,I,"007500","75",MN23,West Village,"3810",1778285.5779500000644475221633911132813,7691.2614299599999867496080696582794,165210.646731318207458,"10014","10014",,,,,10952.3244500000,0.0662930910,6.6293091070,"1175.78","93.42","5.17","911.63","74.09","24.14"
"1","1007900",Manhattan,I,"007900","79",MN23,West Village,"3810",2945317.8939399998635053634643554687500,10023.1934505000008357455953955650330,273629.842652643099427,"10014","10014",,,,,10851.7166000000,0.0396583810,3.9658381170,"1175.78","93.42","5.17","911.63","74.09","24.14"
"1","1006900",Manhattan,I,"006900","69",MN23,West Village,"3810",2350754.1368300002068281173706054687500,7535.3256152399999336921609938144684,218393.845547155244276,"10014","10014",,,,,61980.7788500000,0.2838027720,28.3802772400,"1175.78","93.42","5.17","911.63","74.09","24.14"
"1","1009900",Manhattan,I,"009900","99",MN13,Hudson Yards-Chelsea-Flatiron-Union Square,"3807",10754478.3181999996304512023925781250000,29604.5419992999995884019881486892700,999134.557365881977603,"10014","10014",30738.0000000000000000000000000000000,"10014","1307317",Hudson Square/Meatpacking District/West Village,15.7255051300,0.0000157390,0.0015739120,"1175.78","93.42","5.17","911.63","74.09","24.14"
"1","1007700",Manhattan,I,"007700","77",MN23,West Village,"3810",1923495.9640999999828636646270751953125,5763.1636324700002660392783582210541,178699.734075937769376,"10011","10011",50472.0000000000000000000000000000000,"10011","1612579",Chelsea,43622.8210100000,0.2441124000,24.4112400200,"1208.07","86.87","5.64","995.95","66.67","24.5"
"1","1006800",Manhattan,I,"006800","68",MN21,Gramercy,"3808",1877721.0406899999361485242843627929688,5723.8908705399999234941788017749786,174447.050547646067571,"10003","10003",54682.0000000000000000000000000000000,"10003","1498072",East Village/Gramercy/Greenwich Village,14.3520608100,0.0000822710,0.0082271730,"959.08","63.2","5.08","799.23","55.76","22.14"
"1","1005200",Manhattan,I,"005200","52",MN13,Hudson Yards-Chelsea-Flatiron-Union Square,"3807",1815428.9092200000304728746414184570313,5790.3881760300000678398646414279938,168662.029044887662167,"10003","10003",54682.0000000000000000000000000000000,"10003","1498072",East Village/Gramercy/Greenwich Village,145466.0088000000,0.8624704060,86.2470406700,"959.08","63.2","5.08","799.23","55.76","22.14"
"1","1005600",Manhattan,I,"005600","56",MN13,Hudson Yards-Chelsea-Flatiron-Union Square,"3807",1878253.7853200000245124101638793945313,5723.8407864900000276975333690643311,174496.686959785700310,"10003","10003",54682.0000000000000000000000000000000,"10003","1498072",East Village/Gramercy/Greenwich Village,0.0331840940,0.0000001900,0.0000190170,"959.08","63.2","5.08","799.23","55.76","22.14"
"1","1005000",Manhattan,I,"005000","50",MN21,Gramercy,"3808",1793935.2243999999482184648513793945313,5473.3935990199997831950895488262177,166660.973148615827085,"10003","10003",54682.0000000000000000000000000000000,"10003","1498072",East Village/Gramercy/Greenwich Village,156219.1946000000,0.9373471880,93.7347188400,"959.08","63.2","5.08","799.23","55.76","22.14"
"1","1005000",Manhattan,I,"005000","50",MN21,Gramercy,"3808",1793935.2243999999482184648513793945313,5473.3935990199997831950895488262177,166660.973148615827085,"10010","10010",33730.0000000000000000000000000000000,"10010","977409",Flatiron/Gramercy/Kips Bay,10441.8094100000,0.0626529960,6.2652996750,"960.71","58.69","4.58","775.36","61.78","17.04"
"1","1006400",Manhattan,I,"006400","64",MN21,Gramercy,"3808",1934407.9583399998955428600311279296875,5564.0125693899999532732181251049042,179713.575271790963598,"10010","10010",33730.0000000000000000000000000000000,"10010","977409",Flatiron/Gramercy/Kips Bay,145707.4505000000,0.8107759820,81.0775982100,"960.71","58.69","4.58","775.36","61.78","17.04"
"1","1002400",Manhattan,E,"002400","24",MN28,Lower East Side,"3809",1860513.3099799999035894870758056640625,8143.0669407200002751778811216354370,172848.305612910422496,"10009","10009",57925.0000000000000000000000000000000,"10009","1571306",Alphabet City/East Village/Stuyvesant Town-Cooper Village,169501.6656000000,0.9806382820,98.0638282700,"1371.96","117.45","6.89","1118.34","107.24","25.85"
"1","1002400",Manhattan,E,"002400","24",MN28,Lower East Side,"3809",1860513.3099799999035894870758056640625,8143.0669407200002751778811216354370,172848.305612910422496,"11211, 11249","11211",102624.0000000000000000000000000000000,"11211","5946131",East Williamsburg/Williamsburg (North)/Williamsburg (South),3.7712466710,0.0000218180,0.0021818240,"2300.32","138.56","10.24","1982.03","119.48","30.31"
"1","1002800",Manhattan,E,"002800","28",MN28,Lower East Side,"3809",1973678.3149699999485164880752563476563,5627.5550213699998494121246039867401,183361.750236732215853,"10009","10009",57925.0000000000000000000000000000000,"10009","1571306",Alphabet City/East Village/Stuyvesant Town-Cooper Village,183361.7502000000,0.9999999990,99.9999999800,"1371.96","117.45","6.89","1118.34","107.24","25.85"
"1","1004400",Manhattan,I,"004400","44",MN50,Stuyvesant Town-Cooper Village,"3808",4277837.3680400000885128974914550781250,9684.7629390599995531374588608741760,397426.642275219841395,"10009","10009",57925.0000000000000000000000000000000,"10009","1571306",Alphabet City/East Village/Stuyvesant Town-Cooper Village,396792.1927000000,0.9984036050,99.8403605800,"1371.96","117.45","6.89","1118.34","107.24","25.85"
"1","1000700",Manhattan,I,"000700","7",MN25,Battery Park City-Lower Manhattan,"3810",2442011.7459399998188018798828125000000,9802.9179970999994111480191349983215,226871.440341952373274,"10004","10004",3028.0000000000000000000000000000000,"10004","381965",Financial District,4777.8732140000,0.0210598260,2.1059826680,"1068.32","27.39","5.67","794.39","27.39","21.71"
"1","1000700",Manhattan,I,"000700","7",MN25,Battery Park City-Lower Manhattan,"3810",2442011.7459399998188018798828125000000,9802.9179970999994111480191349983215,226871.440341952373274,"10005","10005",8831.0000000000000000000000000000000,"10005, 10271","193327",Financial District,177425.0971000000,0.7820512650,78.2051265800,"1012.37","23.82","5.28","690.8","11.91","17.33"
"1","1000700",Manhattan,I,"000700","7",MN25,Battery Park City-Lower Manhattan,"3810",2442011.7459399998188018798828125000000,9802.9179970999994111480191349983215,226871.440341952373274,"10006","10006",3454.0000000000000000000000000000000,"10006","251869",Financial District,11.1384554500,0.0000490950,0.0049095890,"1098.97","0","5.28","665.17","0","16.91"
"1","1000700",Manhattan,I,"000700","7",MN25,Battery Park City-Lower Manhattan,"3810",2442011.7459399998188018798828125000000,9802.9179970999994111480191349983215,226871.440341952373274,"10038","10038",22800.0000000000000000000000000000000,"10038","715413",Chinatown/Financial District,18457.2214000000,0.0813554200,8.1355420370,"1256.35","127","7.13","1056.79","113.39","26.81"
"1","1001300",Manhattan,I,"001300","13",MN25,Battery Park City-Lower Manhattan,"3810",3516583.0059699998237192630767822265625,8906.3144026499994652112945914268494,326705.447838642925490,"10004","10004",3028.0000000000000000000000000000000,"10004","381965",Financial District,46352.5615700000,0.1418787530,14.1878753000,"1068.32","27.39","5.67","794.39","27.39","21.71"
"1","1001300",Manhattan,I,"001300","13",MN25,Battery Park City-Lower Manhattan,"3810",3516583.0059699998237192630767822265625,8906.3144026499994652112945914268494,326705.447838642925490,"10005","10005",8831.0000000000000000000000000000000,"10005, 10271","193327",Financial District,12.6135980600,0.0000386080,0.0038608470,"1012.37","23.82","5.28","690.8","11.91","17.33"
"1","1001300",Manhattan,I,"001300","13",MN25,Battery Park City-Lower Manhattan,"3810",3516583.0059699998237192630767822265625,8906.3144026499994652112945914268494,326705.447838642925490,"10006","10006",3454.0000000000000000000000000000000,"10006","251869",Financial District,251752.7065000000,0.7705800680,77.0580068800,"1098.97","0","5.28","665.17","0","16.91"
"1","1000900",Manhattan,I,"000900","9",MN25,Battery Park City-Lower Manhattan,"3810",3133615.5922400001436471939086914062500,16461.0082312000013189390301704406738,291121.439589661313221,"10004","10004",3028.0000000000000000000000000000000,"10004","381965",Financial District,223772.4139000000,0.7686565930,76.8656592900,"1068.32","27.39","5.67","794.39","27.39","21.71"
"1","1000900",Manhattan,I,"000900","9",MN25,Battery Park City-Lower Manhattan,"3810",3133615.5922400001436471939086914062500,16461.0082312000013189390301704406738,291121.439589661313221,"10005","10005",8831.0000000000000000000000000000000,"10005, 10271","193327",Financial District,13763.1070100000,0.0472761710,4.7276171170,"1012.37","23.82","5.28","690.8","11.91","17.33"
"1","1000900",Manhattan,I,"000900","9",MN25,Battery Park City-Lower Manhattan,"3810",3133615.5922400001436471939086914062500,16461.0082312000013189390301704406738,291121.439589661313221,"10038","10038",22800.0000000000000000000000000000000,"10038","715413",Chinatown/Financial District,0.3724568920,0.0000012790,0.0001279380,"1256.35","127","7.13","1056.79","113.39","26.81"
"1","1001502",Manhattan,I,"001502","15.02",MN25,Battery Park City-Lower Manhattan,"3810",2242452.5298100002110004425048828125000,10812.0234450000007200287654995918274,208331.720403698127484,"10004","10004",3028.0000000000000000000000000000000,"10004","381965",Financial District,6587.3900780000,0.0316197170,3.1619717170,"1068.32","27.39","5.67","794.39","27.39","21.71"
"1","1001502",Manhattan,I,"001502","15.02",MN25,Battery Park City-Lower Manhattan,"3810",2242452.5298100002110004425048828125000,10812.0234450000007200287654995918274,208331.720403698127484,"10005","10005",8831.0000000000000000000000000000000,"10005, 10271","193327",Financial District,2126.3735980000,0.0102066720,1.0206672290,"1012.37","23.82","5.28","690.8","11.91","17.33"
"1","1001502",Manhattan,I,"001502","15.02",MN25,Battery Park City-Lower Manhattan,"3810",2242452.5298100002110004425048828125000,10812.0234450000007200287654995918274,208331.720403698127484,"10006","10006",3454.0000000000000000000000000000000,"10006","251869",Financial District,23.6733202100,0.0001136320,0.0113632810,"1098.97","0","5.28","665.17","0","16.91"
"1","1001502",Manhattan,I,"001502","15.02",MN25,Battery Park City-Lower Manhattan,"3810",2242452.5298100002110004425048828125000,10812.0234450000007200287654995918274,208331.720403698127484,"10038","10038",22800.0000000000000000000000000000000,"10038","715413",Chinatown/Financial District,156712.2000000000,0.7522243830,75.2224383700,"1256.35","127","7.13","1056.79","113.39","26.81"
"1","1000700",Manhattan,I,"000700","7",MN25,Battery Park City-Lower Manhattan,"3810",2442011.7459399998188018798828125000000,9802.9179970999994111480191349983215,226871.440341952373274,"10038","10038",,,,,26188.9417500000,0.1154351630,11.5435163200,"1256.35","127","7.13","1056.79","113.39","26.81"
"1","1001501",Manhattan,I,"001501","15.01",MN25,Battery Park City-Lower Manhattan,"3810",2814943.5453699999488890171051025390625,9130.6521794100008264649659395217896,261514.819994457531720,"10038","10038",,,,,23986.5101600000,0.0917214180,9.1721418160,"1256.35","127","7.13","1056.79","113.39","26.81"
"1","1001502",Manhattan,I,"001502","15.02",MN25,Battery Park City-Lower Manhattan,"3810",2242452.5298100002110004425048828125000,10812.0234450000007200287654995918274,208331.720403698127484,"10038","10038",,,,,42872.0586000000,0.2057874740,20.5787474400,"1256.35","127","7.13","1056.79","113.39","26.81"
"1","1031703",Manhattan,I,"031703","317.03",MN25,Battery Park City-Lower Manhattan,"3810",2525855.1956799998879432678222656250000,8284.0596965299992007203400135040283,234661.130591800989350,"10006","10006",3454.0000000000000000000000000000000,"10006","251869",Financial District,36.8129340800,0.0001568770,0.0156877000,"1098.97","0","5.28","665.17","0","16.91"
"1","1031703",Manhattan,I,"031703","317.03",MN25,Battery Park City-Lower Manhattan,"3810",2525855.1956799998879432678222656250000,8284.0596965299992007203400135040283,234661.130591800989350,"10007","10007",7023.0000000000000000000000000000000,"10007, 10278, 10279","470222",TriBeCa,13.7006475900,0.0000583840,0.0058384810,"848.51","36.36","4.14","606.08","36.36","16.18"
"1","1031703",Manhattan,I,"031703","317.03",MN25,Battery Park City-Lower Manhattan,"3810",2525855.1956799998879432678222656250000,8284.0596965299992007203400135040283,234661.130591800989350,"10013","10013",28709.0000000000000000000000000000000,"10013","1403711",Hudson Square/Little Italy/SoHo/TriBeCa,0.5450372030,0.0000023220,0.0002322650,"1071.27","72.34","4.91","850.81","62","22.46"
"1","1031703",Manhattan,I,"031703","317.03",MN25,Battery Park City-Lower Manhattan,"3810",2525855.1956799998879432678222656250000,8284.0596965299992007203400135040283,234661.130591800989350,"10280","10280",9384.0000000000000000000000000000000,"10280","280749",Battery Park City,67843.0597600000,0.2891107680,28.9110768300,"644.58","0","4.87","447.05","0","17.27"
"1","1031703",Manhattan,I,"031703","317.03",MN25,Battery Park City-Lower Manhattan,"3810",2525855.1956799998879432678222656250000,8284.0596965299992007203400135040283,234661.130591800989350,"10282","10282",5593.0000000000000000000000000000000,"10282","166789",Battery Park City,166685.1835000000,0.7103229370,71.0322937000,"1504.87","271.96","9.49","1232.9","235.7","29.18"
"1","1002100",Manhattan,I,"002100","21",MN24,SoHo-TriBeCa-Civic Center-Little Italy,"3810",2618005.6706500002183020114898681640625,6824.3535548399995604995638132095337,243222.112501555937342,"10006","10006",3454.0000000000000000000000000000000,"10006","251869",Financial District,9.4330431340,0.0000387830,0.0038783650,"1098.97","0","5.28","665.17","0","16.91"
"1","1002100",Manhattan,I,"002100","21",MN24,SoHo-TriBeCa-Civic Center-Little Italy,"3810",2618005.6706500002183020114898681640625,6824.3535548399995604995638132095337,243222.112501555937342,"10282","10282",5593.0000000000000000000000000000000,"10282","166789",Battery Park City,26.4177412600,0.0001086150,0.0108615700,"1504.87","271.96","9.49","1232.9","235.7","29.18"
"1","1001300",Manhattan,I,"001300","13",MN25,Battery Park City-Lower Manhattan,"3810",3516583.0059699998237192630767822265625,8906.3144026499994652112945914268494,326705.447838642925490,"10280","10280",9384.0000000000000000000000000000000,"10280","280749",Battery Park City,27.1139512600,0.0000829920,0.0082992030,"644.58","0","4.87","447.05","0","17.27"
"1","1031704",Manhattan,I,"031704","317.04",MN25,Battery Park City-Lower Manhattan,"3810",2338837.0666100000962615013122558593750,9073.0954324400008772499859333038330,217286.398846622847486,"10006","10006",3454.0000000000000000000000000000000,"10006","251869",Financial District,26.8880182000,0.0001237440,0.0123744590,"1098.97","0","5.28","665.17","0","16.91"
"1","1031704",Manhattan,I,"031704","317.04",MN25,Battery Park City-Lower Manhattan,"3810",2338837.0666100000962615013122558593750,9073.0954324400008772499859333038330,217286.398846622847486,"10280","10280",9384.0000000000000000000000000000000,"10280","280749",Battery Park City,189634.2227000000,0.8727385770,87.2738577700,"644.58","0","4.87","447.05","0","17.27"
"1","1003900",Manhattan,I,"003900","39",MN24,SoHo-TriBeCa-Civic Center-Little Italy,"3810",3618081.5463999998755753040313720703125,12677.5668865999996341997757554054260,336133.205085058114491,"10007","10007",7023.0000000000000000000000000000000,"10007, 10278, 10279","470222",TriBeCa,6.6513175340,0.0000197870,0.0019787740,"848.51","36.36","4.14","606.08","36.36","16.18"
"1","1003900",Manhattan,I,"003900","39",MN24,SoHo-TriBeCa-Civic Center-Little Italy,"3810",3618081.5463999998755753040313720703125,12677.5668865999996341997757554054260,336133.205085058114491,"10282","10282",5593.0000000000000000000000000000000,"10282","166789",Battery Park City,48.2172533000,0.0001434460,0.0143446860,"1504.87","271.96","9.49","1232.9","235.7","29.18"
"1","1031704",Manhattan,I,"031704","317.04",MN25,Battery Park City-Lower Manhattan,"3810",2338837.0666100000962615013122558593750,9073.0954324400008772499859333038330,217286.398846622847486,"10280","10280",,,,,3728.3364110000,0.0171586270,1.7158627640,"644.58","0","4.87","447.05","0","17.27"
"1","1003900",Manhattan,I,"003900","39",MN24,SoHo-TriBeCa-Civic Center-Little Italy,"3810",3618081.5463999998755753040313720703125,12677.5668865999996341997757554054260,336133.205085058114491,"10013","10013",,,,,26630.4401400000,0.0792258530,7.9225853730,"1071.27","72.34","4.91","850.81","62","22.46"
"1","1007600",Manhattan,I,"007600","76",MN17,Midtown-Midtown South,"3807",1873518.1977500000502914190292358398438,5717.6335102000002734712325036525726,174056.570679242082406,"10018","10018",9687.0000000000000000000000000000000,"10018","805464",Hell's Kitchen/Midtown Manhattan,0.8202316390,0.0000047120,0.0004712440,"2601.92","52.46","7.09","2098.32","31.47","27.78"
"1","1010100",Manhattan,I,"010100","101",MN17,Midtown-Midtown South,"3807",1891377.8119399999268352985382080078125,5701.7158574499999303952790796756744,175716.677223943901481,"10001, 10118","10001",23072.0000000000000000000000000000000,"10001, 10119, 10199","1712835",Chelsea/NoMad/West Chelsea,175716.6772000000,0.9999999990,99.9999999800,"1803.67","106.1","6.73","1421.72","72.15","24.26"
"1","1005800",Manhattan,I,"005800","58",MN13,Hudson Yards-Chelsea-Flatiron-Union Square,"3807",1879679.0285100000910460948944091796875,5720.5739273899998806882649660110474,174629.294103084946983,"10010","10010",33730.0000000000000000000000000000000,"10010","977409",Flatiron/Gramercy/Kips Bay,142860.8367000000,0.8180805940,81.8080594200,"960.71","58.69","4.58","775.36","61.78","17.04"
"1","1009500",Manhattan,I,"009500","95",MN17,Midtown-Midtown South,"3807",1851171.2892700000666081905364990234375,5658.9703251199998703668825328350067,171980.599967049260158,"10010","10010",33730.0000000000000000000000000000000,"10010","977409",Flatiron/Gramercy/Kips Bay,5.3643991950,0.0000311910,0.0031191880,"960.71","58.69","4.58","775.36","61.78","17.04"
"1","1010300",Manhattan,I,"010300","103",MN13,Hudson Yards-Chelsea-Flatiron-Union Square,"3807",1875918.1429399999324232339859008789063,5699.2381647399997746106237173080444,174280.464073374430882,"10001, 10118","10001",23072.0000000000000000000000000000000,"10001, 10119, 10199","1712835",Chelsea/NoMad/West Chelsea,174280.4640000000,0.9999999990,99.9999999500,"1803.67","106.1","6.73","1421.72","72.15","24.26"
"1","1004300",Manhattan,I,"004300","43",MN24,SoHo-TriBeCa-Civic Center-Little Italy,"3810",1605585.0793399999383836984634399414063,5090.4199372599996422650292515754700,149164.462684853468090,"10002","10002",74993.0000000000000000000000000000000,"10002","2280934",Chinatown/Lower East Side,43.1245422900,0.0002891070,0.0289107340,"1637.67","208.45","9.6","1270.27","179.79","33.8"
"1","1005502",Manhattan,I,"005502","55.02",MN23,West Village,"3810",1243017.2145000000018626451492309570313,4547.0158745099997759098187088966370,115480.659406631675665,"10002","10002",74993.0000000000000000000000000000000,"10002","2280934",Chinatown/Lower East Side,0.0341909470,0.0000002960,0.0000296070,"1637.67","208.45","9.6","1270.27","179.79","33.8"
"1","1003602",Manhattan,I,"003602","36.02",MN22,East Village,"3809",961070.4806259999750182032585144042969,4076.2498779399998056760523468255997,89286.645196454221150,"10002","10002",74993.0000000000000000000000000000000,"10002","2280934",Chinatown/Lower East Side,7.0889124950,0.0000793950,0.0079394990,"1637.67","208.45","9.6","1270.27","179.79","33.8"
"1","1004500",Manhattan,I,"004500","45",MN24,SoHo-TriBeCa-Civic Center-Little Italy,"3810",1129524.3969600000418722629547119140625,4604.7425259700003152829594910144806,104936.790528494879254,"10012","10012",23411.0000000000000000000000000000000,"10012","835785",Greenwich Village/SoHo,31111.5364400000,0.2964788250,29.6478825800,"821.48","37.53","4.66","646.34","29.19","21.77"
"1","1001800",Manhattan,I,"001800","18",MN27,Chinatown,"3809",2399274.6907500000670552253723144531250,6391.9218838300002971664071083068848,222901.050293372158194,"10012","10012",23411.0000000000000000000000000000000,"10012","835785",Greenwich Village/SoHo,1.9803956840,0.0000088840,0.0008884640,"821.48","37.53","4.66","646.34","29.19","21.77"
"1","1004100",Manhattan,E,"004100","41",MN24,SoHo-TriBeCa-Civic Center-Little Italy,"3810",2058614.1083700000308454036712646484375,5913.8706640500004141358658671379089,191252.458552261843579,"10012","10012",23411.0000000000000000000000000000000,"10012","835785",Greenwich Village/SoHo,44006.0159400000,0.2300938570,23.0093857400,"821.48","37.53","4.66","646.34","29.19","21.77"
"1","1005900",Manhattan,I,"005900","59",MN23,West Village,"3810",1250316.2629800001159310340881347656250,5280.1024438399999780813232064247131,116158.752874992831494,"10011","10011",50472.0000000000000000000000000000000,"10011","1612579",Chelsea,2.3339286850,0.0000200920,0.0020092570,"1208.07","86.87","5.64","995.95","66.67","24.5"
"1","1003800",Manhattan,E,"003800","38",MN22,East Village,"3809",2178371.3832600000314414501190185546875,5840.0892714600004183012060821056366,202378.499225357460091,"10003","10003",54682.0000000000000000000000000000000,"10003","1498072",East Village/Gramercy/Greenwich Village,202349.2823000000,0.9998556320,99.9855632200,"959.08","63.2","5.08","799.23","55.76","22.14"
"1","1006300",Manhattan,I,"006300","63",MN23,West Village,"3810",1918265.5924199998844414949417114257813,5802.5084396800002650707028806209564,178213.528444484283682,"10003","10003",54682.0000000000000000000000000000000,"10003","1498072",East Village/Gramercy/Greenwich Village,43.8734823300,0.0002461840,0.0246184910,"959.08","63.2","5.08","799.23","55.76","22.14"
"1","1006300",Manhattan,I,"006300","63",MN23,West Village,"3810",1918265.5924199998844414949417114257813,5802.5084396800002650707028806209564,178213.528444484283682,"10011","10011",50472.0000000000000000000000000000000,"10011","1612579",Chelsea,178144.7614000000,0.9996141310,99.9614131100,"1208.07","86.87","5.64","995.95","66.67","24.5"
"1","1006100",Manhattan,I,"006100","61",MN23,West Village,"3810",1528503.9451500000432133674621582031250,5022.8216195900004095165058970451355,142003.584404184977757,"10003","10003",54682.0000000000000000000000000000000,"10003","1498072",East Village/Gramercy/Greenwich Village,141997.8390000000,0.9999595400,99.9959540400,"959.08","63.2","5.08","799.23","55.76","22.14"
"1","1007100",Manhattan,I,"007100","71",MN23,West Village,"3810",1775764.2929400000721216201782226562500,6601.1771735499996793805621564388275,164974.759985046111979,"10011","10011",50472.0000000000000000000000000000000,"10011","1612579",Chelsea,96807.2492600000,0.5868003640,58.6800364300,"1208.07","86.87","5.64","995.95","66.67","24.5"
"1","1002500",Manhattan,E,"002500","25",MN27,Chinatown,"3809",1439387.8241000000853091478347778320313,4763.7027038599999286816455423831940,133724.108073414390674,"10002","10002",74993.0000000000000000000000000000000,"10002","2280934",Chinatown/Lower East Side,6.6120920040,0.0000494450,0.0049445770,"1637.67","208.45","9.6","1270.27","179.79","33.8"
"1","1002700",Manhattan,I,"002700","27",MN27,Chinatown,"3809",639299.1911850000033155083656311035156,3685.3159820999999283230863511562347,59395.004924648601445,"10002","10002",74993.0000000000000000000000000000000,"10002","2280934",Chinatown/Lower East Side,15.1158515200,0.0002544970,0.0254497010,"1637.67","208.45","9.6","1270.27","179.79","33.8"
"1","1000800",Manhattan,E,"000800","8",MN27,Chinatown,"3809",2366871.3333499999716877937316894531250,6362.7857624099997337907552719116211,219890.579493061377434,"10038","10038",,,,,16.6743737300,0.0000758300,0.0075830320,"1256.35","127","7.13","1056.79","113.39","26.81"
"1","1001300",Manhattan,I,"001300","13",MN25,Battery Park City-Lower Manhattan,"3810",3516583.0059699998237192630767822265625,8906.3144026499994652112945914268494,326705.447838642925490,"10038","10038",22800.0000000000000000000000000000000,"10038","715413",Chinatown/Financial District,1.8575665440,0.0000056850,0.0005685750,"1256.35","127","7.13","1056.79","113.39","26.81"
"1","1031704",Manhattan,I,"031704","317.04",MN25,Battery Park City-Lower Manhattan,"3810",2338837.0666100000962615013122558593750,9073.0954324400008772499859333038330,217286.398846622847486,"10004","10004",3028.0000000000000000000000000000000,"10004","381965",Financial District,23896.9019200000,0.1099788200,10.9978820700,"1068.32","27.39","5.67","794.39","27.39","21.71"
"1","1000900",Manhattan,I,"000900","9",MN25,Battery Park City-Lower Manhattan,"3810",3133615.5922400001436471939086914062500,16461.0082312000013189390301704406738,291121.439589661313221,"10006","10006",3454.0000000000000000000000000000000,"10006","251869",Financial District,8.5619562590,0.0000294100,0.0029410250,"1098.97","0","5.28","665.17","0","16.91"
"1","1001502",Manhattan,I,"001502","15.02",MN25,Battery Park City-Lower Manhattan,"3810",2242452.5298100002110004425048828125000,10812.0234450000007200287654995918274,208331.720403698127484,"10007","10007",7023.0000000000000000000000000000000,"10007, 10278, 10279","470222",TriBeCa,7.8784608250,0.0000378160,0.0037816900,"848.51","36.36","4.14","606.08","36.36","16.18"
"1","1000600",Manhattan,E,"000600","6",MN28,Lower East Side,"3809",2583417.6758699999190866947174072265625,6970.6346985099999074009247124195099,240008.637057514861226,"10038","10038",22800.0000000000000000000000000000000,"10038","715413",Chinatown/Financial District,10.0011283300,0.0000416690,0.0041669860,"1256.35","127","7.13","1056.79","113.39","26.81"
"1","1003800",Manhattan,E,"003800","38",MN22,East Village,"3809",2178371.3832600000314414501190185546875,5840.0892714600004183012060821056366,202378.499225357460091,"10009","10009",57925.0000000000000000000000000000000,"10009","1571306",Alphabet City/East Village/Stuyvesant Town-Cooper Village,29.2062175300,0.0001443140,0.0144314820,"1371.96","117.45","6.89","1118.34","107.24","25.85"
"1","1003200",Manhattan,I,"003200","32",MN22,East Village,"3809",2335526.7167299999855458736419677734375,6358.4353889499998331302776932716370,216978.693309134396259,"10003","10003",54682.0000000000000000000000000000000,"10003","1498072",East Village/Gramercy/Greenwich Village,42.0575486700,0.0001938320,0.0193832620,"959.08","63.2","5.08","799.23","55.76","22.14"
"1","1004000",Manhattan,I,"004000","40",MN22,East Village,"3809",1927636.9443800000008195638656616210938,5563.5626903399997900123707950115204,179084.423532253364101,"10003","10003",54682.0000000000000000000000000000000,"10003","1498072",East Village/Gramercy/Greenwich Village,179055.7294000000,0.9998397730,99.9839773100,"959.08","63.2","5.08","799.23","55.76","22.14"
"1","1004000",Manhattan,I,"004000","40",MN22,East Village,"3809",1927636.9443800000008195638656616210938,5563.5626903399997900123707950115204,179084.423532253364101,"10009","10009",57925.0000000000000000000000000000000,"10009","1571306",Alphabet City/East Village/Stuyvesant Town-Cooper Village,28.6921740600,0.0001602150,0.0160215910,"1371.96","117.45","6.89","1118.34","107.24","25.85"
"1","1004200",Manhattan,I,"004200","42",MN22,East Village,"3809",932087.7985610000323504209518432617188,5672.8011865300004501477815210819244,86594.271770174629637,"10003","10003",54682.0000000000000000000000000000000,"10003","1498072",East Village/Gramercy/Greenwich Village,86594.2717700000,1.0000000000,99.9999999900,"959.08","63.2","5.08","799.23","55.76","22.14"
"1","1003400",Manhattan,E,"003400","34",MN22,East Village,"3809",1718451.6361000000033527612686157226563,5503.3067228700001578545197844505310,159650.421439141413430,"10009","10009",57925.0000000000000000000000000000000,"10009","1571306",Alphabet City/East Village/Stuyvesant Town-Cooper Village,159613.9311000000,0.9997714360,99.9771435900,"1371.96","117.45","6.89","1118.34","107.24","25.85"
"1","1000900",Manhattan,I,"000900","9",MN25,Battery Park City-Lower Manhattan,"3810",3133615.5922400001436471939086914062500,16461.0082312000013189390301704406738,291121.439589661313221,"11201","11201",62823.0000000000000000000000000000000,"11201","3631079",Brooklyn Heights/DUMBO/Downtown Brooklyn,4.4763069820,0.0000153760,0.0015376080,"1310.17","155.97","5.4","1049.12","124.78","22.81"
"1","1000202",Manhattan,E,"000202","2.02",MN28,Lower East Side,"3809",3315114.0548299998044967651367187500000,8568.0892352800001390278339385986328,307985.645470750052482,"11201","11201",62823.0000000000000000000000000000000,"11201","3631079",Brooklyn Heights/DUMBO/Downtown Brooklyn,1.6574892360,0.0000053810,0.0005381700,"1310.17","155.97","5.4","1049.12","124.78","22.81"
"1","1006300",Manhattan,I,"006300","63",MN23,West Village,"3810",1918265.5924199998844414949417114257813,5802.5084396800002650707028806209564,178213.528444484283682,"10014","10014",30738.0000000000000000000000000000000,"10014","1307317",Hudson Square/Meatpacking District/West Village,24.8721437900,0.0001395630,0.0139563720,"1175.78","93.42","5.17","911.63","74.09","24.14"
"1","1005400",Manhattan,I,"005400","54",MN13,Hudson Yards-Chelsea-Flatiron-Union Square,"3807",1809255.6362600000575184822082519531250,5588.6370827199998529977165162563324,168086.417149688786594,"10003","10003",54682.0000000000000000000000000000000,"10003","1498072",East Village/Gramercy/Greenwich Village,41.2291791200,0.0002452850,0.0245285600,"959.08","63.2","5.08","799.23","55.76","22.14"
"1","1005400",Manhattan,I,"005400","54",MN13,Hudson Yards-Chelsea-Flatiron-Union Square,"3807",1809255.6362600000575184822082519531250,5588.6370827199998529977165162563324,168086.417149688786594,"10011","10011",50472.0000000000000000000000000000000,"10011","1612579",Chelsea,155087.8037000000,0.9226670800,92.2667080000,"1208.07","86.87","5.64","995.95","66.67","24.5"
"1","1006100",Manhattan,I,"006100","61",MN23,West Village,"3810",1528503.9451500000432133674621582031250,5022.8216195900004095165058970451355,142003.584404184977757,"10011","10011",50472.0000000000000000000000000000000,"10011","1612579",Chelsea,5.7539157940,0.0000405190,0.0040519510,"1208.07","86.87","5.64","995.95","66.67","24.5"
"1","1007100",Manhattan,I,"007100","71",MN23,West Village,"3810",1775764.2929400000721216201782226562500,6601.1771735499996793805621564388275,164974.759985046111979,"10014","10014",30738.0000000000000000000000000000000,"10014","1307317",Hudson Square/Meatpacking District/West Village,68167.5067500000,0.4131996110,41.3199611600,"1175.78","93.42","5.17","911.63","74.09","24.14"
"1","1006500",Manhattan,I,"006500","65",MN23,West Village,"3810",2167367.1069800001569092273712158203125,6351.1819821700000829878263175487518,201356.237199358205544,"10011","10011",50472.0000000000000000000000000000000,"10011","1612579",Chelsea,21851.0465400000,0.1085193420,10.8519342800,"1208.07","86.87","5.64","995.95","66.67","24.5"
"1","1006500",Manhattan,I,"006500","65",MN23,West Village,"3810",2167367.1069800001569092273712158203125,6351.1819821700000829878263175487518,201356.237199358205544,"10014","10014",30738.0000000000000000000000000000000,"10014","1307317",Hudson Square/Meatpacking District/West Village,46.7905054400,0.0002323760,0.0232376730,"1175.78","93.42","5.17","911.63","74.09","24.14"
"1","1005700",Manhattan,I,"005700","57",MN23,West Village,"3810",1159594.7236800000537186861038208007813,4761.9140842300002987030893564224243,107730.517488893048721,"10012","10012",23411.0000000000000000000000000000000,"10012","835785",Greenwich Village/SoHo,0.0043387100,0.0000000400,0.0000040270,"821.48","37.53","4.66","646.34","29.19","21.77"
"1","1004900",Manhattan,I,"004900","49",MN24,SoHo-TriBeCa-Civic Center-Little Italy,"3810",2226124.3105600001290440559387207031250,6676.6060651099996903212741017341614,206815.088139258878073,"10013","10013",28709.0000000000000000000000000000000,"10013","1403711",Hudson Square/Little Italy/SoHo/TriBeCa,26.6987512500,0.0001290940,0.0129094790,"1071.27","72.34","4.91","850.81","62","22.46"
"1","1002700",Manhattan,I,"002700","27",MN27,Chinatown,"3809",639299.1911850000033155083656311035156,3685.3159820999999283230863511562347,59395.004924648601445,"10013","10013",28709.0000000000000000000000000000000,"10013","1403711",Hudson Square/Little Italy/SoHo/TriBeCa,5.8835597720,0.0000990580,0.0099058150,"1071.27","72.34","4.91","850.81","62","22.46"
"1","1003602",Manhattan,I,"003602","36.02",MN22,East Village,"3809",961070.4806259999750182032585144042969,4076.2498779399998056760523468255997,89286.645196454221150,"10012","10012",23411.0000000000000000000000000000000,"10012","835785",Greenwich Village/SoHo,1.9416385300,0.0000217460,0.0021746120,"821.48","37.53","4.66","646.34","29.19","21.77"
"1","1003602",Manhattan,I,"003602","36.02",MN22,East Village,"3809",961070.4806259999750182032585144042969,4076.2498779399998056760523468255997,89286.645196454221150,"10009","10009",57925.0000000000000000000000000000000,"10009","1571306",Alphabet City/East Village/Stuyvesant Town-Cooper Village,12.2613275200,0.0001373250,0.0137325430,"1371.96","117.45","6.89","1118.34","107.24","25.85"
"1","1009900",Manhattan,I,"009900","99",MN13,Hudson Yards-Chelsea-Flatiron-Union Square,"3807",10754478.3181999996304512023925781250000,29604.5419992999995884019881486892700,999134.557365881977603,"10018","10018",9687.0000000000000000000000000000000,"10018","805464",Hell's Kitchen/Midtown Manhattan,73479.6112800000,0.0735432580,7.3543258750,"2601.92","52.46","7.09","2098.32","31.47","27.78"
"1","1003700",Manhattan,I,"003700","37",MN24,SoHo-TriBeCa-Civic Center-Little Italy,"3810",4109795.9620599998161196708679199218750,11697.0586473999992449535056948661804,381815.208148868638091,"10013","10013",28709.0000000000000000000000000000000,"10013","1403711",Hudson Square/Little Italy/SoHo/TriBeCa,198382.4780000000,0.5195772030,51.9577203200,"1071.27","72.34","4.91","850.81","62","22.46"
"1","1003900",Manhattan,I,"003900","39",MN24,SoHo-TriBeCa-Civic Center-Little Italy,"3810",3618081.5463999998755753040313720703125,12677.5668865999996341997757554054260,336133.205085058114491,"10014","10014",30738.0000000000000000000000000000000,"10014","1307317",Hudson Square/Meatpacking District/West Village,1.9979177540,0.0000059430,0.0005943820,"1175.78","93.42","5.17","911.63","74.09","24.14"
"1","1003700",Manhattan,I,"003700","37",MN24,SoHo-TriBeCa-Civic Center-Little Italy,"3810",4109795.9620599998161196708679199218750,11697.0586473999992449535056948661804,381815.208148868638091,"10014","10014",30738.0000000000000000000000000000000,"10014","1307317",Hudson Square/Meatpacking District/West Village,162887.2756000000,0.4266128530,42.6612853800,"1175.78","93.42","5.17","911.63","74.09","24.14"
"1","1003700",Manhattan,I,"003700","37",MN24,SoHo-TriBeCa-Civic Center-Little Italy,"3810",4109795.9620599998161196708679199218750,11697.0586473999992449535056948661804,381815.208148868638091,"10014","10014",,,,,16326.0629400000,0.0427590690,4.2759069280,"1175.78","93.42","5.17","911.63","74.09","24.14"
"1","1008700",Manhattan,I,"008700","87",MN13,Hudson Yards-Chelsea-Flatiron-Union Square,"3807",1780834.1181199999991804361343383789063,5579.4806307099997866316698491573334,165446.119462149130413,"10010","10010",33730.0000000000000000000000000000000,"10010","977409",Flatiron/Gramercy/Kips Bay,11.8922293800,0.0000718790,0.0071879770,"960.71","58.69","4.58","775.36","61.78","17.04"
"1","1005400",Manhattan,I,"005400","54",MN13,Hudson Yards-Chelsea-Flatiron-Union Square,"3807",1809255.6362600000575184822082519531250,5588.6370827199998529977165162563324,168086.417149688786594,"10010","10010",33730.0000000000000000000000000000000,"10010","977409",Flatiron/Gramercy/Kips Bay,12957.3755500000,0.0770875820,7.7087582500,"960.71","58.69","4.58","775.36","61.78","17.04"
"1","1005800",Manhattan,I,"005800","58",MN13,Hudson Yards-Chelsea-Flatiron-Union Square,"3807",1879679.0285100000910460948944091796875,5720.5739273899998806882649660110474,174629.294103084946983,"10011","10011",50472.0000000000000000000000000000000,"10011","1612579",Chelsea,32.6340551000,0.0001868760,0.0186876170,"1208.07","86.87","5.64","995.95","66.67","24.5"
"1","1009100",Manhattan,I,"009100","91",MN13,Hudson Yards-Chelsea-Flatiron-Union Square,"3807",1927040.0515000000596046447753906250000,5743.3934988000000885222107172012329,179028.905992390937172,"10010","10010",33730.0000000000000000000000000000000,"10010","977409",Flatiron/Gramercy/Kips Bay,13.2077867700,0.0000737740,0.0073774600,"960.71","58.69","4.58","775.36","61.78","17.04"
"1","1005200",Manhattan,I,"005200","52",MN13,Hudson Yards-Chelsea-Flatiron-Union Square,"3807",1815428.9092200000304728746414184570313,5790.3881760300000678398646414279938,168662.029044887662167,"10010","10010",33730.0000000000000000000000000000000,"10010","977409",Flatiron/Gramercy/Kips Bay,23180.2047000000,0.1374358220,13.7435822500,"960.71","58.69","4.58","775.36","61.78","17.04"
"1","1005200",Manhattan,I,"005200","52",MN13,Hudson Yards-Chelsea-Flatiron-Union Square,"3807",1815428.9092200000304728746414184570313,5790.3881760300000678398646414279938,168662.029044887662167,"10011","10011",50472.0000000000000000000000000000000,"10011","1612579",Chelsea,15.8268106800,0.0000938370,0.0093837420,"1208.07","86.87","5.64","995.95","66.67","24.5"
"1","1004800",Manhattan,I,"004800","48",MN21,Gramercy,"3808",1920849.7034899999853223562240600585938,5539.3790385599995715892873704433441,178453.914062514173565,"10003","10003",54682.0000000000000000000000000000000,"10003","1498072",East Village/Gramercy/Greenwich Village,178446.9801000000,0.9999611440,99.9961144200,"959.08","63.2","5.08","799.23","55.76","22.14"
"1","1004800",Manhattan,I,"004800","48",MN21,Gramercy,"3808",1920849.7034899999853223562240600585938,5539.3790385599995715892873704433441,178453.914062514173565,"10009","10009",57925.0000000000000000000000000000000,"10009","1571306",Alphabet City/East Village/Stuyvesant Town-Cooper Village,6.9457358180,0.0000389210,0.0038921730,"1371.96","117.45","6.89","1118.34","107.24","25.85"
"1","1003400",Manhattan,E,"003400","34",MN22,East Village,"3809",1718451.6361000000033527612686157226563,5503.3067228700001578545197844505310,159650.421439141413430,"10003","10003",54682.0000000000000000000000000000000,"10003","1498072",East Village/Gramercy/Greenwich Village,36.4946729900,0.0002285910,0.0228591140,"959.08","63.2","5.08","799.23","55.76","22.14"
"1","1003700",Manhattan,I,"003700","37",MN24,SoHo-TriBeCa-Civic Center-Little Italy,"3810",4109795.9620599998161196708679199218750,11697.0586473999992449535056948661804,381815.208148868638091,"10012","10012",23411.0000000000000000000000000000000,"10012","835785",Greenwich Village/SoHo,4219.3808600000,0.0110508450,1.1050845460,"821.48","37.53","4.66","646.34","29.19","21.77"
"1","1004700",Manhattan,I,"004700","47",MN24,SoHo-TriBeCa-Civic Center-Little Italy,"3810",1780551.0581900000106543302536010742188,5987.2094221300003482610918581485748,165419.756817028770456,"10012","10012",,,,,0.1833565590,0.0000011080,0.0001108430,"821.48","37.53","4.66","646.34","29.19","21.77"
"1","1004900",Manhattan,I,"004900","49",MN24,SoHo-TriBeCa-Civic Center-Little Italy,"3810",2226124.3105600001290440559387207031250,6676.6060651099996903212741017341614,206815.088139258878073,"10014","10014",30738.0000000000000000000000000000000,"10014","1307317",Hudson Square/Meatpacking District/West Village,931.1974547000,0.0045025600,0.4502560530,"1175.78","93.42","5.17","911.63","74.09","24.14"
"1","1006700",Manhattan,I,"006700","67",MN23,West Village,"3810",1812882.8509500001091510057449340820313,5458.8590508099996441160328686237335,168423.754020010353997,"10012","10012",23411.0000000000000000000000000000000,"10012","835785",Greenwich Village/SoHo,16.1792924600,0.0000960630,0.0096063000,"821.48","37.53","4.66","646.34","29.19","21.77"
"1","1001501",Manhattan,I,"001501","15.01",MN25,Battery Park City-Lower Manhattan,"3810",2814943.5453699999488890171051025390625,9130.6521794100008264649659395217896,261514.819994457531720,"11201","11201",62823.0000000000000000000000000000000,"11201","3631079",Brooklyn Heights/DUMBO/Downtown Brooklyn,4.8686110140,0.0000186170,0.0018616960,"1310.17","155.97","5.4","1049.12","124.78","22.81"
"1","1001502",Manhattan,I,"001502","15.02",MN25,Battery Park City-Lower Manhattan,"3810",2242452.5298100002110004425048828125000,10812.0234450000007200287654995918274,208331.720403698127484,"11201","11201",62823.0000000000000000000000000000000,"11201","3631079",Brooklyn Heights/DUMBO/Downtown Brooklyn,2.1292664050,0.0000102200,0.0010220550,"1310.17","155.97","5.4","1049.12","124.78","22.81"
"1","1004400",Manhattan,I,"004400","44",MN50,Stuyvesant Town-Cooper Village,"3808",4277837.3680400000885128974914550781250,9684.7629390599995531374588608741760,397426.642275219841395,"10003","10003",54682.0000000000000000000000000000000,"10003","1498072",East Village/Gramercy/Greenwich Village,29.1632439600,0.0000733800,0.0073380190,"959.08","63.2","5.08","799.23","55.76","22.14"
"1","1006400",Manhattan,I,"006400","64",MN21,Gramercy,"3808",1934407.9583399998955428600311279296875,5564.0125693899999532732181251049042,179713.575271790963598,"10003","10003",54682.0000000000000000000000000000000,"10003","1498072",East Village/Gramercy/Greenwich Village,34005.8001800000,0.1892222110,18.9222211600,"959.08","63.2","5.08","799.23","55.76","22.14"
"1","1006400",Manhattan,I,"006400","64",MN21,Gramercy,"3808",1934407.9583399998955428600311279296875,5564.0125693899999532732181251049042,179713.575271790963598,"10009","10009",57925.0000000000000000000000000000000,"10009","1571306",Alphabet City/East Village/Stuyvesant Town-Cooper Village,0.3359200240,0.0000018690,0.0001869190,"1371.96","117.45","6.89","1118.34","107.24","25.85"
"1","1004400",Manhattan,I,"004400","44",MN50,Stuyvesant Town-Cooper Village,"3808",4277837.3680400000885128974914550781250,9684.7629390599995531374588608741760,397426.642275219841395,"10010","10010",33730.0000000000000000000000000000000,"10010","977409",Flatiron/Gramercy/Kips Bay,33.2217294300,0.0000835920,0.0083592100,"960.71","58.69","4.58","775.36","61.78","17.04"
"1","1004400",Manhattan,I,"004400","44",MN50,Stuyvesant Town-Cooper Village,"3808",4277837.3680400000885128974914550781250,9684.7629390599995531374588608741760,397426.642275219841395,"11211, 11249","11211",102624.0000000000000000000000000000000,"11211","5946131",East Williamsburg/Williamsburg (North)/Williamsburg (South),2.4672900500,0.0000062080,0.0006208160,"2300.32","138.56","10.24","1982.03","119.48","30.31"
"1","1006200",Manhattan,I,"006200","62",MN20,Murray Hill-Kips Bay,"3808",3194410.0854299999773502349853515625000,13288.7810805000008258502930402755737,296772.379098317236640,"11222","11222",36492.0000000000000000000000000000000,"11222","3958002",Greenpoint,0.5032275220,0.0000016950,0.0001695660,"1441.57","90.79","5.88","1141.7","71.53","26.19"
"1","1006000",Manhattan,I,"006000","60",MN50,Stuyvesant Town-Cooper Village,"3808",1304406.8821199999656528234481811523438,6260.7056686200003241538070142269135,121184.119151977574802,"10003","10003",54682.0000000000000000000000000000000,"10003","1498072",East Village/Gramercy/Greenwich Village,0.0487370120,0.0000004020,0.0000402170,"959.08","63.2","5.08","799.23","55.76","22.14"
"1","1006000",Manhattan,I,"006000","60",MN50,Stuyvesant Town-Cooper Village,"3808",1304406.8821199999656528234481811523438,6260.7056686200003241538070142269135,121184.119151977574802,"10009","10009",57925.0000000000000000000000000000000,"10009","1571306",Alphabet City/East Village/Stuyvesant Town-Cooper Village,30.6956086000,0.0002532970,0.0253297280,"1371.96","117.45","6.89","1118.34","107.24","25.85"
"1","1006000",Manhattan,I,"006000","60",MN50,Stuyvesant Town-Cooper Village,"3808",1304406.8821199999656528234481811523438,6260.7056686200003241538070142269135,121184.119151977574802,"10010","10010",33730.0000000000000000000000000000000,"10010","977409",Flatiron/Gramercy/Kips Bay,120466.9094000000,0.9940816520,99.4081652300,"960.71","58.69","4.58","775.36","61.78","17.04"
"1","1006000",Manhattan,I,"006000","60",MN50,Stuyvesant Town-Cooper Village,"3808",1304406.8821199999656528234481811523438,6260.7056686200003241538070142269135,121184.119151977574802,"11222","11222",36492.0000000000000000000000000000000,"11222","3958002",Greenpoint,49.2913143700,0.0004067470,0.0406747300,"1441.57","90.79","5.88","1141.7","71.53","26.19"
